time=2026-03-16T15:31:39.450+07:00 level=WARN source=/home/le/Documents/loadbalancer/internal/config/validation.go:32 msg="No backend servers configured" service="load balancer"
time=2026-03-16T15:31:39.450+07:00 level=WARN source=/home/le/Documents/loadbalancer/internal/config/host-reload.go:118 msg="Retry config missing or incomplete, using defaults" service="load balancer"
time=2026-03-16T15:31:39.450+07:00 level=WARN source=/home/le/Documents/loadbalancer/internal/config/host-reload.go:129 msg="Rate limit config missing or incomplete, using defaults" service="load balancer"
time=2026-03-16T15:31:39.450+07:00 level=INFO source=/home/le/Documents/loadbalancer/internal/config/host-reload.go:149 msg="Config reloaded successfully" service="load balancer" reloaded_at=2026-03-16T15:31:39.450+07:00 rate_limit_enabled=true rps=10
time=2026-03-16T15:31:39.450+07:00 level=INFO source=/home/le/Documents/loadbalancer/internal/config/manager_config.go:57 msg="Config manager initialized with hot-reload" service="load balancer"
time=2026-03-16T15:31:39.453+07:00 level=INFO source=/home/le/Documents/loadbalancer/internal/router/router.go:29 msg="PathRouter initialized" service="load balancer" default_service=fallback-service initial_rules=3
time=2026-03-16T15:31:39.454+07:00 level=INFO source=/home/le/Documents/loadbalancer/internal/tls/manager_tls.go:72 msg="TLS Manager initialized with auto-reload" service="load balancer" cert_file=/home/le/Documents/loadbalancer/keys/cert.pem key_file=/home/le/Documents/loadbalancer/keys/key.pem
time=2026-03-16T15:31:39.454+07:00 level=INFO source=/home/le/Documents/loadbalancer/internal/app/app.go:94 msg="Starting Load Balancer services..." service="load balancer"
time=2026-03-16T15:31:39.454+07:00 level=INFO source=/home/le/Documents/loadbalancer/internal/middleware/rate_limit/rate_limit.go:82 msg="Starting cleanup" service="load balancer"
time=2026-03-16T15:31:39.454+07:00 level=INFO source=/home/le/Documents/loadbalancer/internal/middleware/rate_limit/rate_limit.go:84 msg="Complete starting cleanup" service="load balancer"
time=2026-03-16T15:31:39.456+07:00 level=INFO source=/home/le/Documents/loadbalancer/internal/tls/manager_tls.go:113 msg="TLS certificate reloaded successfully" service="load balancer" cert_file=/home/le/Documents/loadbalancer/keys/cert.pem key_file=/home/le/Documents/loadbalancer/keys/key.pem timestamp=2026-03-16T15:31:39+07:00
time=2026-03-16T15:31:39.456+07:00 level=INFO source=/home/le/Documents/loadbalancer/internal/tls/manager_tls.go:170 msg="Started fsnotify watcher on directory" service="load balancer" dir=/home/le/Documents/loadbalancer/keys
time=2026-03-16T15:31:39.456+07:00 level=INFO source=/home/le/Documents/loadbalancer/internal/registry/memory/registry.go:96 msg="Start registry successfully" service="load balancer"
time=2026-03-16T15:34:04.389+07:00 level=INFO source=/home/le/Documents/loadbalancer/internal/registry/provider/provider.go:59 msg="new server register" service="load balancer"
time=2026-03-16T15:34:04.403+07:00 level=ERROR source=/home/le/Documents/loadbalancer/internal/registry/provider/provider.go:72 msg="Failed to create resilient transport" service="load balancer" service=java-service instance=78c7eacd-3d28-4355-a668-52c3bdc03fb3 err="circuit breaker \"cb-java-service-78c7eacd-3d28-4355-a668-52c3bdc03fb3\" init failed: MaxConsecutiveFailures must be > 0"
time=2026-03-16T15:35:13.036+07:00 level=INFO source=/home/le/Documents/loadbalancer/internal/app/app.go:111 msg="Shutting down Load Balancer..." service="load balancer"
time=2026-03-16T15:35:13.036+07:00 level=INFO source=/home/le/Documents/loadbalancer/internal/middleware/rate_limit/rate_limit.go:94 msg="Starting stop cleanup" service="load balancer"
time=2026-03-16T15:35:13.036+07:00 level=INFO source=/home/le/Documents/loadbalancer/internal/middleware/rate_limit/rate_limit.go:98 msg="Complete stop cleanup" service="load balancer"
time=2026-03-16T15:35:13.036+07:00 level=INFO source=/home/le/Documents/loadbalancer/internal/tls/manager_tls.go:145 msg="Stopping watcher tls config" service="load balancer"
time=2026-03-16T15:35:13.037+07:00 level=INFO source=/home/le/Documents/loadbalancer/internal/tls/manager_tls.go:151 msg="Complete stop watcher tls config" service="load balancer"
time=2026-03-16T15:35:13.037+07:00 level=INFO source=/home/le/Documents/loadbalancer/internal/registry/memory/registry.go:106 msg="Starting stop registry" service="load balancer"
time=2026-03-16T15:35:13.037+07:00 level=INFO source=/home/le/Documents/loadbalancer/internal/registry/memory/registry.go:110 msg="Complete stop registry" service="load balancer"
time=2026-03-16T15:35:13.037+07:00 level=INFO source=/home/le/Documents/loadbalancer/internal/server/server_pool.go:158 msg="Closing server pool" service="load balancer"
time=2026-03-16T15:35:13.037+07:00 level=INFO source=/home/le/Documents/loadbalancer/internal/app/app.go:129 msg="Shutdown completed" service="load balancer"
time=2026-03-16T15:35:16.163+07:00 level=WARN source=/home/le/Documents/loadbalancer/internal/config/validation.go:32 msg="No backend servers configured" service="load balancer"
time=2026-03-16T15:35:16.163+07:00 level=WARN source=/home/le/Documents/loadbalancer/internal/config/host-reload.go:118 msg="Retry config missing or incomplete, using defaults" service="load balancer"
time=2026-03-16T15:35:16.163+07:00 level=WARN source=/home/le/Documents/loadbalancer/internal/config/host-reload.go:129 msg="Rate limit config missing or incomplete, using defaults" service="load balancer"
time=2026-03-16T15:35:16.163+07:00 level=INFO source=/home/le/Documents/loadbalancer/internal/config/host-reload.go:149 msg="Config reloaded successfully" service="load balancer" reloaded_at=2026-03-16T15:35:16.163+07:00 rate_limit_enabled=true rps=10
time=2026-03-16T15:35:16.163+07:00 level=INFO source=/home/le/Documents/loadbalancer/internal/config/manager_config.go:57 msg="Config manager initialized with hot-reload" service="load balancer"
time=2026-03-16T15:35:16.165+07:00 level=INFO source=/home/le/Documents/loadbalancer/internal/router/router.go:29 msg="PathRouter initialized" service="load balancer" default_service=fallback-service initial_rules=3
time=2026-03-16T15:35:16.165+07:00 level=INFO source=/home/le/Documents/loadbalancer/internal/tls/manager_tls.go:72 msg="TLS Manager initialized with auto-reload" service="load balancer" cert_file=/home/le/Documents/loadbalancer/keys/cert.pem key_file=/home/le/Documents/loadbalancer/keys/key.pem
time=2026-03-16T15:35:16.165+07:00 level=INFO source=/home/le/Documents/loadbalancer/internal/app/app.go:94 msg="Starting Load Balancer services..." service="load balancer"
time=2026-03-16T15:35:16.165+07:00 level=INFO source=/home/le/Documents/loadbalancer/internal/middleware/rate_limit/rate_limit.go:82 msg="Starting cleanup" service="load balancer"
time=2026-03-16T15:35:16.165+07:00 level=INFO source=/home/le/Documents/loadbalancer/internal/middleware/rate_limit/rate_limit.go:84 msg="Complete starting cleanup" service="load balancer"
time=2026-03-16T15:35:16.166+07:00 level=INFO source=/home/le/Documents/loadbalancer/internal/tls/manager_tls.go:113 msg="TLS certificate reloaded successfully" service="load balancer" cert_file=/home/le/Documents/loadbalancer/keys/cert.pem key_file=/home/le/Documents/loadbalancer/keys/key.pem timestamp=2026-03-16T15:35:16+07:00
time=2026-03-16T15:35:16.166+07:00 level=INFO source=/home/le/Documents/loadbalancer/internal/tls/manager_tls.go:170 msg="Started fsnotify watcher on directory" service="load balancer" dir=/home/le/Documents/loadbalancer/keys
time=2026-03-16T15:35:16.166+07:00 level=INFO source=/home/le/Documents/loadbalancer/internal/registry/memory/registry.go:96 msg="Start registry successfully" service="load balancer"
time=2026-03-16T16:02:29.613+07:00 level=INFO source=/home/le/Documents/loadbalancer/internal/app/app.go:111 msg="Shutting down Load Balancer..." service="load balancer"
time=2026-03-16T16:02:29.613+07:00 level=INFO source=/home/le/Documents/loadbalancer/internal/middleware/rate_limit/rate_limit.go:94 msg="Starting stop cleanup" service="load balancer"
time=2026-03-16T16:02:29.613+07:00 level=INFO source=/home/le/Documents/loadbalancer/internal/middleware/rate_limit/rate_limit.go:98 msg="Complete stop cleanup" service="load balancer"
time=2026-03-16T16:02:29.613+07:00 level=INFO source=/home/le/Documents/loadbalancer/internal/tls/manager_tls.go:145 msg="Stopping watcher tls config" service="load balancer"
time=2026-03-16T16:02:29.614+07:00 level=INFO source=/home/le/Documents/loadbalancer/internal/tls/manager_tls.go:151 msg="Complete stop watcher tls config" service="load balancer"
time=2026-03-16T16:02:29.614+07:00 level=INFO source=/home/le/Documents/loadbalancer/internal/registry/memory/registry.go:106 msg="Starting stop registry" service="load balancer"
time=2026-03-16T16:02:29.614+07:00 level=INFO source=/home/le/Documents/loadbalancer/internal/registry/memory/registry.go:110 msg="Complete stop registry" service="load balancer"
time=2026-03-16T16:02:29.614+07:00 level=INFO source=/home/le/Documents/loadbalancer/internal/server/server_pool.go:158 msg="Closing server pool" service="load balancer"
time=2026-03-16T16:02:29.614+07:00 level=INFO source=/home/le/Documents/loadbalancer/internal/app/app.go:129 msg="Shutdown completed" service="load balancer"
time=2026-03-16T16:02:32.439+07:00 level=WARN source=/home/le/Documents/loadbalancer/internal/config/validation.go:32 msg="No backend servers configured" service="load balancer"
time=2026-03-16T16:02:32.440+07:00 level=WARN source=/home/le/Documents/loadbalancer/internal/config/host-reload.go:118 msg="Retry config missing or incomplete, using defaults" service="load balancer"
time=2026-03-16T16:02:32.440+07:00 level=WARN source=/home/le/Documents/loadbalancer/internal/config/host-reload.go:129 msg="Rate limit config missing or incomplete, using defaults" service="load balancer"
time=2026-03-16T16:02:32.440+07:00 level=INFO source=/home/le/Documents/loadbalancer/internal/config/host-reload.go:149 msg="Config reloaded successfully" service="load balancer" reloaded_at=2026-03-16T16:02:32.440+07:00 rate_limit_enabled=true rps=10
time=2026-03-16T16:02:32.440+07:00 level=INFO source=/home/le/Documents/loadbalancer/internal/config/manager_config.go:57 msg="Config manager initialized with hot-reload" service="load balancer"
time=2026-03-16T16:02:32.441+07:00 level=INFO source=/home/le/Documents/loadbalancer/internal/router/router.go:29 msg="PathRouter initialized" service="load balancer" default_service=fallback-service initial_rules=3
time=2026-03-16T16:02:32.441+07:00 level=INFO source=/home/le/Documents/loadbalancer/internal/tls/manager_tls.go:72 msg="TLS Manager initialized with auto-reload" service="load balancer" cert_file=/home/le/Documents/loadbalancer/keys/cert.pem key_file=/home/le/Documents/loadbalancer/keys/key.pem
time=2026-03-16T16:02:32.442+07:00 level=INFO source=/home/le/Documents/loadbalancer/internal/app/app.go:94 msg="Starting Load Balancer services..." service="load balancer"
time=2026-03-16T16:02:32.442+07:00 level=INFO source=/home/le/Documents/loadbalancer/internal/middleware/rate_limit/rate_limit.go:82 msg="Starting cleanup" service="load balancer"
time=2026-03-16T16:02:32.442+07:00 level=INFO source=/home/le/Documents/loadbalancer/internal/middleware/rate_limit/rate_limit.go:84 msg="Complete starting cleanup" service="load balancer"
time=2026-03-16T16:02:32.443+07:00 level=INFO source=/home/le/Documents/loadbalancer/internal/tls/manager_tls.go:113 msg="TLS certificate reloaded successfully" service="load balancer" cert_file=/home/le/Documents/loadbalancer/keys/cert.pem key_file=/home/le/Documents/loadbalancer/keys/key.pem timestamp=2026-03-16T16:02:32+07:00
time=2026-03-16T16:02:32.443+07:00 level=INFO source=/home/le/Documents/loadbalancer/internal/tls/manager_tls.go:170 msg="Started fsnotify watcher on directory" service="load balancer" dir=/home/le/Documents/loadbalancer/keys
time=2026-03-16T16:02:32.443+07:00 level=INFO source=/home/le/Documents/loadbalancer/internal/registry/memory/registry.go:96 msg="Start registry successfully" service="load balancer"
time=2026-03-16T16:02:56.038+07:00 level=INFO source=/home/le/Documents/loadbalancer/internal/app/app.go:111 msg="Shutting down Load Balancer..." service="load balancer"
time=2026-03-16T16:02:56.038+07:00 level=INFO source=/home/le/Documents/loadbalancer/internal/middleware/rate_limit/rate_limit.go:94 msg="Starting stop cleanup" service="load balancer"
time=2026-03-16T16:02:56.039+07:00 level=INFO source=/home/le/Documents/loadbalancer/internal/middleware/rate_limit/rate_limit.go:98 msg="Complete stop cleanup" service="load balancer"
time=2026-03-16T16:02:56.039+07:00 level=INFO source=/home/le/Documents/loadbalancer/internal/tls/manager_tls.go:145 msg="Stopping watcher tls config" service="load balancer"
time=2026-03-16T16:02:56.039+07:00 level=INFO source=/home/le/Documents/loadbalancer/internal/tls/manager_tls.go:151 msg="Complete stop watcher tls config" service="load balancer"
time=2026-03-16T16:02:56.039+07:00 level=INFO source=/home/le/Documents/loadbalancer/internal/registry/memory/registry.go:106 msg="Starting stop registry" service="load balancer"
time=2026-03-16T16:02:56.039+07:00 level=INFO source=/home/le/Documents/loadbalancer/internal/registry/memory/registry.go:110 msg="Complete stop registry" service="load balancer"
time=2026-03-16T16:02:56.039+07:00 level=INFO source=/home/le/Documents/loadbalancer/internal/server/server_pool.go:158 msg="Closing server pool" service="load balancer"
time=2026-03-16T16:02:56.039+07:00 level=INFO source=/home/le/Documents/loadbalancer/internal/app/app.go:129 msg="Shutdown completed" service="load balancer"
time=2026-03-16T16:02:57.691+07:00 level=WARN source=/home/le/Documents/loadbalancer/internal/config/validation.go:32 msg="No backend servers configured" service="load balancer"
time=2026-03-16T16:02:57.691+07:00 level=WARN source=/home/le/Documents/loadbalancer/internal/config/host-reload.go:118 msg="Retry config missing or incomplete, using defaults" service="load balancer"
time=2026-03-16T16:02:57.691+07:00 level=WARN source=/home/le/Documents/loadbalancer/internal/config/host-reload.go:129 msg="Rate limit config missing or incomplete, using defaults" service="load balancer"
time=2026-03-16T16:02:57.691+07:00 level=INFO source=/home/le/Documents/loadbalancer/internal/config/host-reload.go:149 msg="Config reloaded successfully" service="load balancer" reloaded_at=2026-03-16T16:02:57.691+07:00 rate_limit_enabled=true rps=10
time=2026-03-16T16:02:57.692+07:00 level=INFO source=/home/le/Documents/loadbalancer/internal/config/manager_config.go:57 msg="Config manager initialized with hot-reload" service="load balancer"
time=2026-03-16T16:02:57.693+07:00 level=INFO source=/home/le/Documents/loadbalancer/internal/router/router.go:29 msg="PathRouter initialized" service="load balancer" default_service=fallback-service initial_rules=3
time=2026-03-16T16:02:57.693+07:00 level=INFO source=/home/le/Documents/loadbalancer/internal/tls/manager_tls.go:72 msg="TLS Manager initialized with auto-reload" service="load balancer" cert_file=/home/le/Documents/loadbalancer/keys/cert.pem key_file=/home/le/Documents/loadbalancer/keys/key.pem
time=2026-03-16T16:02:57.693+07:00 level=INFO source=/home/le/Documents/loadbalancer/internal/app/app.go:94 msg="Starting Load Balancer services..." service="load balancer"
time=2026-03-16T16:02:57.693+07:00 level=INFO source=/home/le/Documents/loadbalancer/internal/middleware/rate_limit/rate_limit.go:82 msg="Starting cleanup" service="load balancer"
time=2026-03-16T16:02:57.693+07:00 level=INFO source=/home/le/Documents/loadbalancer/internal/middleware/rate_limit/rate_limit.go:84 msg="Complete starting cleanup" service="load balancer"
time=2026-03-16T16:02:57.694+07:00 level=INFO source=/home/le/Documents/loadbalancer/internal/tls/manager_tls.go:113 msg="TLS certificate reloaded successfully" service="load balancer" cert_file=/home/le/Documents/loadbalancer/keys/cert.pem key_file=/home/le/Documents/loadbalancer/keys/key.pem timestamp=2026-03-16T16:02:57+07:00
time=2026-03-16T16:02:57.694+07:00 level=INFO source=/home/le/Documents/loadbalancer/internal/tls/manager_tls.go:170 msg="Started fsnotify watcher on directory" service="load balancer" dir=/home/le/Documents/loadbalancer/keys
time=2026-03-16T16:02:57.694+07:00 level=INFO source=/home/le/Documents/loadbalancer/internal/registry/memory/registry.go:96 msg="Start registry successfully" service="load balancer"
time=2026-03-16T16:22:24.999+07:00 level=INFO source=/home/le/Documents/loadbalancer/internal/app/app.go:111 msg="Shutting down Load Balancer..." service="load balancer"
time=2026-03-16T16:22:24.999+07:00 level=INFO source=/home/le/Documents/loadbalancer/internal/middleware/rate_limit/rate_limit.go:94 msg="Starting stop cleanup" service="load balancer"
time=2026-03-16T16:22:24.999+07:00 level=INFO source=/home/le/Documents/loadbalancer/internal/middleware/rate_limit/rate_limit.go:98 msg="Complete stop cleanup" service="load balancer"
time=2026-03-16T16:22:24.999+07:00 level=INFO source=/home/le/Documents/loadbalancer/internal/tls/manager_tls.go:145 msg="Stopping watcher tls config" service="load balancer"
time=2026-03-16T16:22:24.999+07:00 level=INFO source=/home/le/Documents/loadbalancer/internal/tls/manager_tls.go:151 msg="Complete stop watcher tls config" service="load balancer"
time=2026-03-16T16:22:24.999+07:00 level=INFO source=/home/le/Documents/loadbalancer/internal/registry/memory/registry.go:106 msg="Starting stop registry" service="load balancer"
time=2026-03-16T16:22:24.999+07:00 level=INFO source=/home/le/Documents/loadbalancer/internal/registry/memory/registry.go:110 msg="Complete stop registry" service="load balancer"
time=2026-03-16T16:22:24.999+07:00 level=INFO source=/home/le/Documents/loadbalancer/internal/server/server_pool.go:158 msg="Closing server pool" service="load balancer"
time=2026-03-16T16:22:25.000+07:00 level=INFO source=/home/le/Documents/loadbalancer/internal/app/app.go:129 msg="Shutdown completed" service="load balancer"
time=2026-03-16T16:22:27.195+07:00 level=WARN source=/home/le/Documents/loadbalancer/internal/config/validation.go:32 msg="No backend servers configured" service="load balancer"
time=2026-03-16T16:22:27.195+07:00 level=WARN source=/home/le/Documents/loadbalancer/internal/config/host-reload.go:118 msg="Retry config missing or incomplete, using defaults" service="load balancer"
time=2026-03-16T16:22:27.195+07:00 level=INFO source=/home/le/Documents/loadbalancer/internal/config/host-reload.go:149 msg="Config reloaded successfully" service="load balancer" reloaded_at=2026-03-16T16:22:27.195+07:00 rate_limit_enabled=true rps=10
time=2026-03-16T16:22:27.195+07:00 level=INFO source=/home/le/Documents/loadbalancer/internal/config/manager_config.go:57 msg="Config manager initialized with hot-reload" service="load balancer"
time=2026-03-16T16:22:27.196+07:00 level=INFO source=/home/le/Documents/loadbalancer/internal/router/router.go:29 msg="PathRouter initialized" service="load balancer" default_service=fallback-service initial_rules=3
time=2026-03-16T16:22:27.196+07:00 level=INFO source=/home/le/Documents/loadbalancer/internal/tls/manager_tls.go:72 msg="TLS Manager initialized with auto-reload" service="load balancer" cert_file=/home/le/Documents/loadbalancer/keys/cert.pem key_file=/home/le/Documents/loadbalancer/keys/key.pem
time=2026-03-16T16:22:27.197+07:00 level=INFO source=/home/le/Documents/loadbalancer/internal/app/app.go:94 msg="Starting Load Balancer services..." service="load balancer"
time=2026-03-16T16:22:27.197+07:00 level=INFO source=/home/le/Documents/loadbalancer/internal/middleware/rate_limit/rate_limit.go:82 msg="Starting cleanup" service="load balancer"
time=2026-03-16T16:22:27.197+07:00 level=INFO source=/home/le/Documents/loadbalancer/internal/middleware/rate_limit/rate_limit.go:84 msg="Complete starting cleanup" service="load balancer"
time=2026-03-16T16:22:27.198+07:00 level=INFO source=/home/le/Documents/loadbalancer/internal/tls/manager_tls.go:113 msg="TLS certificate reloaded successfully" service="load balancer" cert_file=/home/le/Documents/loadbalancer/keys/cert.pem key_file=/home/le/Documents/loadbalancer/keys/key.pem timestamp=2026-03-16T16:22:27+07:00
time=2026-03-16T16:22:27.198+07:00 level=INFO source=/home/le/Documents/loadbalancer/internal/tls/manager_tls.go:170 msg="Started fsnotify watcher on directory" service="load balancer" dir=/home/le/Documents/loadbalancer/keys
time=2026-03-16T16:22:27.198+07:00 level=INFO source=/home/le/Documents/loadbalancer/internal/registry/memory/registry.go:96 msg="Start registry successfully" service="load balancer"
time=2026-03-16T16:22:40.145+07:00 level=INFO source=/home/le/Documents/loadbalancer/internal/registry/provider/provider.go:59 msg="new server register" service="load balancer"
time=2026-03-16T16:22:40.161+07:00 level=DEBUG source=/home/le/Documents/loadbalancer/internal/server/server_pool.go:61 msg="Health state changed" service="load balancer" service=java-service id=294bb404-dc13-4149-97ab-01f3a575ea5b health=true
time=2026-03-16T16:22:40.162+07:00 level=INFO source=/home/le/Documents/loadbalancer/internal/app/factory.go:57 msg="Creating new RoundRobin strategy for service" service="load balancer" service=java-service
time=2026-03-16T16:22:40.162+07:00 level=DEBUG source=/home/le/Documents/loadbalancer/internal/server/server_pool.go:116 msg="ServerPool updated" service="load balancer" service=java-service total_healthy=1 server_id=294bb404-dc13-4149-97ab-01f3a575ea5b is_healthy=true
time=2026-03-16T16:22:40.161+07:00 level=INFO source=/home/le/Documents/loadbalancer/internal/registry/memory/health_worker.go:31 msg="Created health worker for service" service="load balancer" service=java-service
time=2026-03-16T16:22:40.162+07:00 level=INFO source=/home/le/Documents/loadbalancer/internal/registry/memory/register.go:34 msg="Server registered" service="load balancer" service=java-service id=294bb404-dc13-4149-97ab-01f3a575ea5b
time=2026-03-16T16:22:40.162+07:00 level=DEBUG source=/home/le/Documents/loadbalancer/internal/registry/memory/registry.go:125 msg="List of server registry" service="load balancer"
time=2026-03-16T16:22:50.321+07:00 level=DEBUG source=/home/le/Documents/loadbalancer/internal/health/health_checker.go:99 msg="Health check OK" service="load balancer" addr=http://localhost:15000 status=404
time=2026-03-16T16:23:00.176+07:00 level=DEBUG source=/home/le/Documents/loadbalancer/internal/health/health_checker.go:99 msg="Health check OK" service="load balancer" addr=http://localhost:15000 status=404
time=2026-03-16T16:23:10.169+07:00 level=DEBUG source=/home/le/Documents/loadbalancer/internal/health/health_checker.go:99 msg="Health check OK" service="load balancer" addr=http://localhost:15000 status=404
time=2026-03-16T16:23:20.175+07:00 level=DEBUG source=/home/le/Documents/loadbalancer/internal/health/health_checker.go:99 msg="Health check OK" service="load balancer" addr=http://localhost:15000 status=404
time=2026-03-16T16:23:30.171+07:00 level=DEBUG source=/home/le/Documents/loadbalancer/internal/health/health_checker.go:99 msg="Health check OK" service="load balancer" addr=http://localhost:15000 status=404
time=2026-03-16T16:23:40.174+07:00 level=DEBUG source=/home/le/Documents/loadbalancer/internal/health/health_checker.go:99 msg="Health check OK" service="load balancer" addr=http://localhost:15000 status=404
time=2026-03-16T16:23:50.177+07:00 level=DEBUG source=/home/le/Documents/loadbalancer/internal/health/health_checker.go:99 msg="Health check OK" service="load balancer" addr=http://localhost:15000 status=404
time=2026-03-16T16:24:00.171+07:00 level=DEBUG source=/home/le/Documents/loadbalancer/internal/health/health_checker.go:99 msg="Health check OK" service="load balancer" addr=http://localhost:15000 status=404
time=2026-03-16T16:24:10.175+07:00 level=DEBUG source=/home/le/Documents/loadbalancer/internal/health/health_checker.go:99 msg="Health check OK" service="load balancer" addr=http://localhost:15000 status=404
time=2026-03-16T16:24:20.175+07:00 level=DEBUG source=/home/le/Documents/loadbalancer/internal/health/health_checker.go:99 msg="Health check OK" service="load balancer" addr=http://localhost:15000 status=404
time=2026-03-16T16:24:30.169+07:00 level=DEBUG source=/home/le/Documents/loadbalancer/internal/health/health_checker.go:99 msg="Health check OK" service="load balancer" addr=http://localhost:15000 status=404
time=2026-03-16T16:24:40.173+07:00 level=DEBUG source=/home/le/Documents/loadbalancer/internal/health/health_checker.go:99 msg="Health check OK" service="load balancer" addr=http://localhost:15000 status=404
time=2026-03-16T16:24:50.175+07:00 level=DEBUG source=/home/le/Documents/loadbalancer/internal/health/health_checker.go:99 msg="Health check OK" service="load balancer" addr=http://localhost:15000 status=404
time=2026-03-16T16:25:00.176+07:00 level=DEBUG source=/home/le/Documents/loadbalancer/internal/health/health_checker.go:99 msg="Health check OK" service="load balancer" addr=http://localhost:15000 status=404
time=2026-03-16T16:25:10.176+07:00 level=DEBUG source=/home/le/Documents/loadbalancer/internal/health/health_checker.go:99 msg="Health check OK" service="load balancer" addr=http://localhost:15000 status=404
time=2026-03-16T16:25:20.168+07:00 level=DEBUG source=/home/le/Documents/loadbalancer/internal/health/health_checker.go:99 msg="Health check OK" service="load balancer" addr=http://localhost:15000 status=404
time=2026-03-16T16:25:30.170+07:00 level=DEBUG source=/home/le/Documents/loadbalancer/internal/health/health_checker.go:99 msg="Health check OK" service="load balancer" addr=http://localhost:15000 status=404
time=2026-03-16T16:25:31.753+07:00 level=INFO source=/home/le/Documents/loadbalancer/internal/registry/provider/provider.go:59 msg="new server register" service="load balancer"
time=2026-03-16T16:25:31.767+07:00 level=INFO source=/home/le/Documents/loadbalancer/internal/registry/memory/register.go:34 msg="Server registered" service="load balancer" service=java-service id=9fb7628d-d509-4b2f-8cce-f06610b5a171
time=2026-03-16T16:25:31.767+07:00 level=DEBUG source=/home/le/Documents/loadbalancer/internal/server/server_pool.go:61 msg="Health state changed" service="load balancer" service=java-service id=9fb7628d-d509-4b2f-8cce-f06610b5a171 health=true
time=2026-03-16T16:25:31.768+07:00 level=DEBUG source=/home/le/Documents/loadbalancer/internal/server/server_pool.go:116 msg="ServerPool updated" service="load balancer" service=java-service total_healthy=2 server_id=9fb7628d-d509-4b2f-8cce-f06610b5a171 is_healthy=true
time=2026-03-16T16:25:31.767+07:00 level=DEBUG source=/home/le/Documents/loadbalancer/internal/registry/memory/registry.go:125 msg="List of server registry" service="load balancer"
time=2026-03-16T16:25:40.174+07:00 level=DEBUG source=/home/le/Documents/loadbalancer/internal/health/health_checker.go:99 msg="Health check OK" service="load balancer" addr=http://localhost:15000 status=404
time=2026-03-16T16:25:40.336+07:00 level=DEBUG source=/home/le/Documents/loadbalancer/internal/health/health_checker.go:99 msg="Health check OK" service="load balancer" addr=http://localhost:15001 status=404
time=2026-03-16T16:25:50.174+07:00 level=DEBUG source=/home/le/Documents/loadbalancer/internal/health/health_checker.go:99 msg="Health check OK" service="load balancer" addr=http://localhost:15000 status=404
time=2026-03-16T16:25:50.176+07:00 level=DEBUG source=/home/le/Documents/loadbalancer/internal/health/health_checker.go:99 msg="Health check OK" service="load balancer" addr=http://localhost:15001 status=404
time=2026-03-16T16:26:00.173+07:00 level=DEBUG source=/home/le/Documents/loadbalancer/internal/health/health_checker.go:99 msg="Health check OK" service="load balancer" addr=http://localhost:15000 status=404
time=2026-03-16T16:26:00.174+07:00 level=DEBUG source=/home/le/Documents/loadbalancer/internal/health/health_checker.go:99 msg="Health check OK" service="load balancer" addr=http://localhost:15001 status=404
time=2026-03-16T16:26:10.174+07:00 level=DEBUG source=/home/le/Documents/loadbalancer/internal/health/health_checker.go:99 msg="Health check OK" service="load balancer" addr=http://localhost:15000 status=404
time=2026-03-16T16:26:10.175+07:00 level=DEBUG source=/home/le/Documents/loadbalancer/internal/health/health_checker.go:99 msg="Health check OK" service="load balancer" addr=http://localhost:15001 status=404
time=2026-03-16T16:26:20.173+07:00 level=DEBUG source=/home/le/Documents/loadbalancer/internal/health/health_checker.go:99 msg="Health check OK" service="load balancer" addr=http://localhost:15000 status=404
time=2026-03-16T16:26:20.175+07:00 level=DEBUG source=/home/le/Documents/loadbalancer/internal/health/health_checker.go:99 msg="Health check OK" service="load balancer" addr=http://localhost:15001 status=404
time=2026-03-16T16:26:30.168+07:00 level=DEBUG source=/home/le/Documents/loadbalancer/internal/health/health_checker.go:99 msg="Health check OK" service="load balancer" addr=http://localhost:15000 status=404
time=2026-03-16T16:26:30.168+07:00 level=DEBUG source=/home/le/Documents/loadbalancer/internal/health/health_checker.go:99 msg="Health check OK" service="load balancer" addr=http://localhost:15001 status=404
time=2026-03-16T16:26:40.172+07:00 level=DEBUG source=/home/le/Documents/loadbalancer/internal/health/health_checker.go:99 msg="Health check OK" service="load balancer" addr=http://localhost:15000 status=404
time=2026-03-16T16:26:40.173+07:00 level=DEBUG source=/home/le/Documents/loadbalancer/internal/health/health_checker.go:99 msg="Health check OK" service="load balancer" addr=http://localhost:15001 status=404
time=2026-03-16T16:26:50.173+07:00 level=DEBUG source=/home/le/Documents/loadbalancer/internal/health/health_checker.go:99 msg="Health check OK" service="load balancer" addr=http://localhost:15000 status=404
time=2026-03-16T16:26:50.174+07:00 level=DEBUG source=/home/le/Documents/loadbalancer/internal/health/health_checker.go:99 msg="Health check OK" service="load balancer" addr=http://localhost:15001 status=404
time=2026-03-16T16:27:00.173+07:00 level=DEBUG source=/home/le/Documents/loadbalancer/internal/health/health_checker.go:99 msg="Health check OK" service="load balancer" addr=http://localhost:15000 status=404
time=2026-03-16T16:27:00.173+07:00 level=DEBUG source=/home/le/Documents/loadbalancer/internal/health/health_checker.go:99 msg="Health check OK" service="load balancer" addr=http://localhost:15001 status=404
time=2026-03-16T16:27:10.173+07:00 level=DEBUG source=/home/le/Documents/loadbalancer/internal/health/health_checker.go:99 msg="Health check OK" service="load balancer" addr=http://localhost:15001 status=404
time=2026-03-16T16:27:10.173+07:00 level=DEBUG source=/home/le/Documents/loadbalancer/internal/health/health_checker.go:99 msg="Health check OK" service="load balancer" addr=http://localhost:15000 status=404
time=2026-03-16T16:27:20.173+07:00 level=DEBUG source=/home/le/Documents/loadbalancer/internal/health/health_checker.go:99 msg="Health check OK" service="load balancer" addr=http://localhost:15000 status=404
time=2026-03-16T16:27:20.174+07:00 level=DEBUG source=/home/le/Documents/loadbalancer/internal/health/health_checker.go:99 msg="Health check OK" service="load balancer" addr=http://localhost:15001 status=404
time=2026-03-16T16:27:30.169+07:00 level=DEBUG source=/home/le/Documents/loadbalancer/internal/health/health_checker.go:99 msg="Health check OK" service="load balancer" addr=http://localhost:15000 status=404
time=2026-03-16T16:27:30.170+07:00 level=DEBUG source=/home/le/Documents/loadbalancer/internal/health/health_checker.go:99 msg="Health check OK" service="load balancer" addr=http://localhost:15001 status=404
time=2026-03-16T16:27:40.173+07:00 level=DEBUG source=/home/le/Documents/loadbalancer/internal/health/health_checker.go:99 msg="Health check OK" service="load balancer" addr=http://localhost:15000 status=404
time=2026-03-16T16:27:40.173+07:00 level=DEBUG source=/home/le/Documents/loadbalancer/internal/health/health_checker.go:99 msg="Health check OK" service="load balancer" addr=http://localhost:15001 status=404
time=2026-03-16T16:27:50.173+07:00 level=DEBUG source=/home/le/Documents/loadbalancer/internal/health/health_checker.go:99 msg="Health check OK" service="load balancer" addr=http://localhost:15000 status=404
time=2026-03-16T16:27:50.174+07:00 level=DEBUG source=/home/le/Documents/loadbalancer/internal/health/health_checker.go:99 msg="Health check OK" service="load balancer" addr=http://localhost:15001 status=404
time=2026-03-16T16:28:00.172+07:00 level=DEBUG source=/home/le/Documents/loadbalancer/internal/health/health_checker.go:99 msg="Health check OK" service="load balancer" addr=http://localhost:15000 status=404
time=2026-03-16T16:28:00.172+07:00 level=DEBUG source=/home/le/Documents/loadbalancer/internal/health/health_checker.go:99 msg="Health check OK" service="load balancer" addr=http://localhost:15001 status=404
time=2026-03-16T16:28:10.173+07:00 level=DEBUG source=/home/le/Documents/loadbalancer/internal/health/health_checker.go:99 msg="Health check OK" service="load balancer" addr=http://localhost:15000 status=404
time=2026-03-16T16:28:10.173+07:00 level=DEBUG source=/home/le/Documents/loadbalancer/internal/health/health_checker.go:99 msg="Health check OK" service="load balancer" addr=http://localhost:15001 status=404
time=2026-03-16T16:28:20.173+07:00 level=DEBUG source=/home/le/Documents/loadbalancer/internal/health/health_checker.go:99 msg="Health check OK" service="load balancer" addr=http://localhost:15001 status=404
time=2026-03-16T16:28:20.174+07:00 level=DEBUG source=/home/le/Documents/loadbalancer/internal/health/health_checker.go:99 msg="Health check OK" service="load balancer" addr=http://localhost:15000 status=404
time=2026-03-16T16:28:30.168+07:00 level=DEBUG source=/home/le/Documents/loadbalancer/internal/health/health_checker.go:99 msg="Health check OK" service="load balancer" addr=http://localhost:15000 status=404
time=2026-03-16T16:28:30.169+07:00 level=DEBUG source=/home/le/Documents/loadbalancer/internal/health/health_checker.go:99 msg="Health check OK" service="load balancer" addr=http://localhost:15001 status=404
time=2026-03-16T16:28:40.174+07:00 level=DEBUG source=/home/le/Documents/loadbalancer/internal/health/health_checker.go:99 msg="Health check OK" service="load balancer" addr=http://localhost:15000 status=404
time=2026-03-16T16:28:40.175+07:00 level=DEBUG source=/home/le/Documents/loadbalancer/internal/health/health_checker.go:99 msg="Health check OK" service="load balancer" addr=http://localhost:15001 status=404
time=2026-03-16T16:28:50.173+07:00 level=DEBUG source=/home/le/Documents/loadbalancer/internal/health/health_checker.go:99 msg="Health check OK" service="load balancer" addr=http://localhost:15001 status=404
time=2026-03-16T16:28:50.173+07:00 level=DEBUG source=/home/le/Documents/loadbalancer/internal/health/health_checker.go:99 msg="Health check OK" service="load balancer" addr=http://localhost:15000 status=404
time=2026-03-16T16:29:00.173+07:00 level=DEBUG source=/home/le/Documents/loadbalancer/internal/health/health_checker.go:99 msg="Health check OK" service="load balancer" addr=http://localhost:15001 status=404
time=2026-03-16T16:29:00.173+07:00 level=DEBUG source=/home/le/Documents/loadbalancer/internal/health/health_checker.go:99 msg="Health check OK" service="load balancer" addr=http://localhost:15000 status=404
time=2026-03-16T16:29:10.173+07:00 level=DEBUG source=/home/le/Documents/loadbalancer/internal/health/health_checker.go:99 msg="Health check OK" service="load balancer" addr=http://localhost:15000 status=404
time=2026-03-16T16:29:10.173+07:00 level=DEBUG source=/home/le/Documents/loadbalancer/internal/health/health_checker.go:99 msg="Health check OK" service="load balancer" addr=http://localhost:15001 status=404
time=2026-03-16T16:29:20.172+07:00 level=DEBUG source=/home/le/Documents/loadbalancer/internal/health/health_checker.go:99 msg="Health check OK" service="load balancer" addr=http://localhost:15000 status=404
time=2026-03-16T16:29:20.173+07:00 level=DEBUG source=/home/le/Documents/loadbalancer/internal/health/health_checker.go:99 msg="Health check OK" service="load balancer" addr=http://localhost:15001 status=404
time=2026-03-16T16:29:30.169+07:00 level=DEBUG source=/home/le/Documents/loadbalancer/internal/health/health_checker.go:99 msg="Health check OK" service="load balancer" addr=http://localhost:15000 status=404
time=2026-03-16T16:29:30.170+07:00 level=DEBUG source=/home/le/Documents/loadbalancer/internal/health/health_checker.go:99 msg="Health check OK" service="load balancer" addr=http://localhost:15001 status=404
time=2026-03-16T16:29:40.172+07:00 level=DEBUG source=/home/le/Documents/loadbalancer/internal/health/health_checker.go:99 msg="Health check OK" service="load balancer" addr=http://localhost:15000 status=404
time=2026-03-16T16:29:40.173+07:00 level=DEBUG source=/home/le/Documents/loadbalancer/internal/health/health_checker.go:99 msg="Health check OK" service="load balancer" addr=http://localhost:15001 status=404
time=2026-03-16T16:29:50.173+07:00 level=DEBUG source=/home/le/Documents/loadbalancer/internal/health/health_checker.go:99 msg="Health check OK" service="load balancer" addr=http://localhost:15000 status=404
time=2026-03-16T16:29:50.174+07:00 level=DEBUG source=/home/le/Documents/loadbalancer/internal/health/health_checker.go:99 msg="Health check OK" service="load balancer" addr=http://localhost:15001 status=404
time=2026-03-16T16:29:51.388+07:00 level=INFO source=/home/le/Documents/loadbalancer/internal/registry/provider/provider.go:59 msg="new server register" service="load balancer"
time=2026-03-16T16:30:00.173+07:00 level=DEBUG source=/home/le/Documents/loadbalancer/internal/health/health_checker.go:99 msg="Health check OK" service="load balancer" addr=http://localhost:15000 status=404
time=2026-03-16T16:30:00.173+07:00 level=DEBUG source=/home/le/Documents/loadbalancer/internal/health/health_checker.go:99 msg="Health check OK" service="load balancer" addr=http://localhost:15001 status=404
time=2026-03-16T16:30:10.172+07:00 level=DEBUG source=/home/le/Documents/loadbalancer/internal/health/health_checker.go:99 msg="Health check OK" service="load balancer" addr=http://localhost:15001 status=404
time=2026-03-16T16:30:10.173+07:00 level=DEBUG source=/home/le/Documents/loadbalancer/internal/health/health_checker.go:99 msg="Health check OK" service="load balancer" addr=http://localhost:15000 status=404
time=2026-03-16T16:30:20.167+07:00 level=DEBUG source=/home/le/Documents/loadbalancer/internal/health/health_checker.go:99 msg="Health check OK" service="load balancer" addr=http://localhost:15001 status=404
time=2026-03-16T16:30:20.167+07:00 level=DEBUG source=/home/le/Documents/loadbalancer/internal/health/health_checker.go:99 msg="Health check OK" service="load balancer" addr=http://localhost:15000 status=404
time=2026-03-16T16:30:20.171+07:00 level=INFO source=/home/le/Documents/loadbalancer/internal/registry/provider/provider.go:59 msg="new server register" service="load balancer"
time=2026-03-16T16:30:30.169+07:00 level=DEBUG source=/home/le/Documents/loadbalancer/internal/health/health_checker.go:99 msg="Health check OK" service="load balancer" addr=http://localhost:15000 status=404
time=2026-03-16T16:30:30.169+07:00 level=DEBUG source=/home/le/Documents/loadbalancer/internal/health/health_checker.go:99 msg="Health check OK" service="load balancer" addr=http://localhost:15001 status=404
time=2026-03-16T16:30:40.172+07:00 level=DEBUG source=/home/le/Documents/loadbalancer/internal/health/health_checker.go:99 msg="Health check OK" service="load balancer" addr=http://localhost:15000 status=404
time=2026-03-16T16:30:40.172+07:00 level=DEBUG source=/home/le/Documents/loadbalancer/internal/health/health_checker.go:99 msg="Health check OK" service="load balancer" addr=http://localhost:15001 status=404
time=2026-03-16T16:30:50.173+07:00 level=DEBUG source=/home/le/Documents/loadbalancer/internal/health/health_checker.go:99 msg="Health check OK" service="load balancer" addr=http://localhost:15001 status=404
time=2026-03-16T16:30:50.174+07:00 level=DEBUG source=/home/le/Documents/loadbalancer/internal/health/health_checker.go:99 msg="Health check OK" service="load balancer" addr=http://localhost:15000 status=404
time=2026-03-16T16:31:00.172+07:00 level=DEBUG source=/home/le/Documents/loadbalancer/internal/health/health_checker.go:99 msg="Health check OK" service="load balancer" addr=http://localhost:15000 status=404
time=2026-03-16T16:31:00.173+07:00 level=DEBUG source=/home/le/Documents/loadbalancer/internal/health/health_checker.go:99 msg="Health check OK" service="load balancer" addr=http://localhost:15001 status=404
time=2026-03-16T16:31:10.174+07:00 level=DEBUG source=/home/le/Documents/loadbalancer/internal/health/health_checker.go:99 msg="Health check OK" service="load balancer" addr=http://localhost:15000 status=404
time=2026-03-16T16:31:10.174+07:00 level=DEBUG source=/home/le/Documents/loadbalancer/internal/health/health_checker.go:99 msg="Health check OK" service="load balancer" addr=http://localhost:15001 status=404
time=2026-03-16T16:31:20.176+07:00 level=DEBUG source=/home/le/Documents/loadbalancer/internal/health/health_checker.go:99 msg="Health check OK" service="load balancer" addr=http://localhost:15000 status=404
time=2026-03-16T16:31:20.176+07:00 level=DEBUG source=/home/le/Documents/loadbalancer/internal/health/health_checker.go:99 msg="Health check OK" service="load balancer" addr=http://localhost:15001 status=404
time=2026-03-16T16:31:29.177+07:00 level=INFO source=/home/le/Documents/loadbalancer/internal/registry/provider/provider.go:59 msg="new server register" service="load balancer"
time=2026-03-16T16:31:30.167+07:00 level=DEBUG source=/home/le/Documents/loadbalancer/internal/health/health_checker.go:99 msg="Health check OK" service="load balancer" addr=http://localhost:15001 status=404
time=2026-03-16T16:31:30.168+07:00 level=DEBUG source=/home/le/Documents/loadbalancer/internal/health/health_checker.go:99 msg="Health check OK" service="load balancer" addr=http://localhost:15000 status=404
time=2026-03-16T16:31:40.173+07:00 level=DEBUG source=/home/le/Documents/loadbalancer/internal/health/health_checker.go:99 msg="Health check OK" service="load balancer" addr=http://localhost:15000 status=404
time=2026-03-16T16:31:40.174+07:00 level=DEBUG source=/home/le/Documents/loadbalancer/internal/health/health_checker.go:99 msg="Health check OK" service="load balancer" addr=http://localhost:15001 status=404
time=2026-03-16T16:31:45.480+07:00 level=INFO source=/home/le/Documents/loadbalancer/internal/middleware/tracer/tracer.go:73 msg="tracing injected" service="load balancer" trace_id=ffe25dc722b595c6a917ac4daf638822 span_id=9f831cb026e32978 parent_span_id="" path=/java-service/hello sampled=true
time=2026-03-16T16:31:45.480+07:00 level=INFO source=/home/le/Documents/loadbalancer/internal/middleware/sticky/sticky.go:149 msg="Created new sticky session" service="load balancer" module=SECURITY session_id=4603bcc82423d41b8fa4c1d6e8b24c9c backend_id=294bb404-dc13-4149-97ab-01f3a575ea5b server_name=java-service ttl_seconds=3600
time=2026-03-16T16:31:45.481+07:00 level=DEBUG source=/home/le/Documents/loadbalancer/internal/app/app_handler.go:66 msg="Routed request" service="load balancer" trace_id=ffe25dc722b595c6a917ac4daf638822 backend=http://localhost:15000
time=2026-03-16T16:31:45.484+07:00 level=DEBUG source=/home/le/Documents/loadbalancer/internal/app/app_handler.go:72 msg="Routed request" service="load balancer" path=/java-service/hello service=java-service backend=http://localhost:15000
time=2026-03-16T16:31:45.485+07:00 level=INFO source=/home/le/Documents/loadbalancer/internal/middleware/logging/logging.go:71 msg="HTTP request completed" service="load balancer" module=TRAFFIC method=GET path=/java-service/hello remote_ip=::1 status=200 latency_ms=4.467 resp_bytes=39
time=2026-03-16T16:31:48.771+07:00 level=INFO source=/home/le/Documents/loadbalancer/internal/middleware/tracer/tracer.go:73 msg="tracing injected" service="load balancer" trace_id=f745b5f9d05326ac216f6bf7a69f93a1 span_id=f214262ef526a06e parent_span_id="" path=/java-service/hello sampled=true
time=2026-03-16T16:31:48.772+07:00 level=INFO source=/home/le/Documents/loadbalancer/internal/middleware/sticky/sticky.go:149 msg="Created new sticky session" service="load balancer" module=SECURITY session_id=4a85cb959077728c440875589887d481 backend_id=294bb404-dc13-4149-97ab-01f3a575ea5b server_name=java-service ttl_seconds=3600
time=2026-03-16T16:31:48.772+07:00 level=DEBUG source=/home/le/Documents/loadbalancer/internal/app/app_handler.go:66 msg="Routed request" service="load balancer" trace_id=f745b5f9d05326ac216f6bf7a69f93a1 backend=http://localhost:15000
time=2026-03-16T16:31:48.776+07:00 level=DEBUG source=/home/le/Documents/loadbalancer/internal/app/app_handler.go:72 msg="Routed request" service="load balancer" path=/java-service/hello service=java-service backend=http://localhost:15000
time=2026-03-16T16:31:48.776+07:00 level=INFO source=/home/le/Documents/loadbalancer/internal/middleware/logging/logging.go:71 msg="HTTP request completed" service="load balancer" module=TRAFFIC method=GET path=/java-service/hello remote_ip=::1 status=200 latency_ms=4.495 resp_bytes=39
time=2026-03-16T16:31:50.167+07:00 level=DEBUG source=/home/le/Documents/loadbalancer/internal/health/health_checker.go:99 msg="Health check OK" service="load balancer" addr=http://localhost:15001 status=404
time=2026-03-16T16:31:50.167+07:00 level=DEBUG source=/home/le/Documents/loadbalancer/internal/health/health_checker.go:99 msg="Health check OK" service="load balancer" addr=http://localhost:15000 status=404
time=2026-03-16T16:31:50.451+07:00 level=INFO source=/home/le/Documents/loadbalancer/internal/middleware/tracer/tracer.go:73 msg="tracing injected" service="load balancer" trace_id=35976393d0a545115e502b15b9c1211a span_id=afe3f83514269897 parent_span_id="" path=/java-service/hello sampled=true
time=2026-03-16T16:31:50.451+07:00 level=INFO source=/home/le/Documents/loadbalancer/internal/middleware/sticky/sticky.go:149 msg="Created new sticky session" service="load balancer" module=SECURITY session_id=d810f0e0c46fc5e7277bd77de0dce2c8 backend_id=294bb404-dc13-4149-97ab-01f3a575ea5b server_name=java-service ttl_seconds=3600
time=2026-03-16T16:31:50.451+07:00 level=DEBUG source=/home/le/Documents/loadbalancer/internal/app/app_handler.go:66 msg="Routed request" service="load balancer" trace_id=35976393d0a545115e502b15b9c1211a backend=http://localhost:15000
time=2026-03-16T16:31:50.454+07:00 level=DEBUG source=/home/le/Documents/loadbalancer/internal/app/app_handler.go:72 msg="Routed request" service="load balancer" path=/java-service/hello service=java-service backend=http://localhost:15000
time=2026-03-16T16:31:50.454+07:00 level=INFO source=/home/le/Documents/loadbalancer/internal/middleware/logging/logging.go:71 msg="HTTP request completed" service="load balancer" module=TRAFFIC method=GET path=/java-service/hello remote_ip=::1 status=200 latency_ms=3.369 resp_bytes=39
time=2026-03-16T16:31:51.602+07:00 level=INFO source=/home/le/Documents/loadbalancer/internal/middleware/tracer/tracer.go:73 msg="tracing injected" service="load balancer" trace_id=2b03c56dae02e06aeadb6f24f0186ac9 span_id=7009d28ce1a3ad52 parent_span_id="" path=/java-service/hello sampled=true
time=2026-03-16T16:31:51.602+07:00 level=INFO source=/home/le/Documents/loadbalancer/internal/middleware/sticky/sticky.go:149 msg="Created new sticky session" service="load balancer" module=SECURITY session_id=da1249608b6a7695d5a6531f23bd3068 backend_id=294bb404-dc13-4149-97ab-01f3a575ea5b server_name=java-service ttl_seconds=3600
time=2026-03-16T16:31:51.602+07:00 level=DEBUG source=/home/le/Documents/loadbalancer/internal/app/app_handler.go:66 msg="Routed request" service="load balancer" trace_id=2b03c56dae02e06aeadb6f24f0186ac9 backend=http://localhost:15000
time=2026-03-16T16:31:51.605+07:00 level=DEBUG source=/home/le/Documents/loadbalancer/internal/app/app_handler.go:72 msg="Routed request" service="load balancer" path=/java-service/hello service=java-service backend=http://localhost:15000
time=2026-03-16T16:31:51.605+07:00 level=INFO source=/home/le/Documents/loadbalancer/internal/middleware/logging/logging.go:71 msg="HTTP request completed" service="load balancer" module=TRAFFIC method=GET path=/java-service/hello remote_ip=::1 status=200 latency_ms=3.822 resp_bytes=39
time=2026-03-16T16:31:52.422+07:00 level=INFO source=/home/le/Documents/loadbalancer/internal/middleware/tracer/tracer.go:73 msg="tracing injected" service="load balancer" trace_id=04840121aaadc5823f0ab3d7d2a72198 span_id=85bf47ea37be5136 parent_span_id="" path=/java-service/hello sampled=true
time=2026-03-16T16:31:52.423+07:00 level=INFO source=/home/le/Documents/loadbalancer/internal/middleware/sticky/sticky.go:149 msg="Created new sticky session" service="load balancer" module=SECURITY session_id=e8e3d55d66afc71123b7cbbae8d9792d backend_id=294bb404-dc13-4149-97ab-01f3a575ea5b server_name=java-service ttl_seconds=3600
time=2026-03-16T16:31:52.423+07:00 level=DEBUG source=/home/le/Documents/loadbalancer/internal/app/app_handler.go:66 msg="Routed request" service="load balancer" trace_id=04840121aaadc5823f0ab3d7d2a72198 backend=http://localhost:15000
time=2026-03-16T16:31:52.426+07:00 level=DEBUG source=/home/le/Documents/loadbalancer/internal/app/app_handler.go:72 msg="Routed request" service="load balancer" path=/java-service/hello service=java-service backend=http://localhost:15000
time=2026-03-16T16:31:52.426+07:00 level=INFO source=/home/le/Documents/loadbalancer/internal/middleware/logging/logging.go:71 msg="HTTP request completed" service="load balancer" module=TRAFFIC method=GET path=/java-service/hello remote_ip=::1 status=200 latency_ms=3.485 resp_bytes=39
time=2026-03-16T16:31:53.168+07:00 level=INFO source=/home/le/Documents/loadbalancer/internal/middleware/tracer/tracer.go:73 msg="tracing injected" service="load balancer" trace_id=5d3dfee6498f91cef730c729c17ca1cd span_id=4b48f042e55b640a parent_span_id="" path=/java-service/hello sampled=true
time=2026-03-16T16:31:53.168+07:00 level=INFO source=/home/le/Documents/loadbalancer/internal/middleware/sticky/sticky.go:149 msg="Created new sticky session" service="load balancer" module=SECURITY session_id=49123d40fd12b2b85157869238603618 backend_id=294bb404-dc13-4149-97ab-01f3a575ea5b server_name=java-service ttl_seconds=3600
time=2026-03-16T16:31:53.168+07:00 level=DEBUG source=/home/le/Documents/loadbalancer/internal/app/app_handler.go:66 msg="Routed request" service="load balancer" trace_id=5d3dfee6498f91cef730c729c17ca1cd backend=http://localhost:15000
time=2026-03-16T16:31:53.172+07:00 level=DEBUG source=/home/le/Documents/loadbalancer/internal/app/app_handler.go:72 msg="Routed request" service="load balancer" path=/java-service/hello service=java-service backend=http://localhost:15000
time=2026-03-16T16:31:53.172+07:00 level=INFO source=/home/le/Documents/loadbalancer/internal/middleware/logging/logging.go:71 msg="HTTP request completed" service="load balancer" module=TRAFFIC method=GET path=/java-service/hello remote_ip=::1 status=200 latency_ms=4.182 resp_bytes=39
time=2026-03-16T16:32:00.168+07:00 level=DEBUG source=/home/le/Documents/loadbalancer/internal/health/health_checker.go:99 msg="Health check OK" service="load balancer" addr=http://localhost:15000 status=404
time=2026-03-16T16:32:00.168+07:00 level=DEBUG source=/home/le/Documents/loadbalancer/internal/health/health_checker.go:99 msg="Health check OK" service="load balancer" addr=http://localhost:15001 status=404
time=2026-03-16T16:32:10.172+07:00 level=DEBUG source=/home/le/Documents/loadbalancer/internal/health/health_checker.go:99 msg="Health check OK" service="load balancer" addr=http://localhost:15000 status=404
time=2026-03-16T16:32:10.172+07:00 level=DEBUG source=/home/le/Documents/loadbalancer/internal/health/health_checker.go:99 msg="Health check OK" service="load balancer" addr=http://localhost:15001 status=404
time=2026-03-16T16:32:20.173+07:00 level=DEBUG source=/home/le/Documents/loadbalancer/internal/health/health_checker.go:99 msg="Health check OK" service="load balancer" addr=http://localhost:15000 status=404
time=2026-03-16T16:32:20.174+07:00 level=DEBUG source=/home/le/Documents/loadbalancer/internal/health/health_checker.go:99 msg="Health check OK" service="load balancer" addr=http://localhost:15001 status=404
time=2026-03-16T16:32:30.168+07:00 level=DEBUG source=/home/le/Documents/loadbalancer/internal/health/health_checker.go:99 msg="Health check OK" service="load balancer" addr=http://localhost:15000 status=404
time=2026-03-16T16:32:30.169+07:00 level=DEBUG source=/home/le/Documents/loadbalancer/internal/health/health_checker.go:99 msg="Health check OK" service="load balancer" addr=http://localhost:15001 status=404
time=2026-03-16T16:32:40.172+07:00 level=DEBUG source=/home/le/Documents/loadbalancer/internal/health/health_checker.go:99 msg="Health check OK" service="load balancer" addr=http://localhost:15000 status=404
time=2026-03-16T16:32:40.172+07:00 level=DEBUG source=/home/le/Documents/loadbalancer/internal/health/health_checker.go:99 msg="Health check OK" service="load balancer" addr=http://localhost:15001 status=404
time=2026-03-16T16:32:50.173+07:00 level=DEBUG source=/home/le/Documents/loadbalancer/internal/health/health_checker.go:99 msg="Health check OK" service="load balancer" addr=http://localhost:15001 status=404
time=2026-03-16T16:32:50.173+07:00 level=DEBUG source=/home/le/Documents/loadbalancer/internal/health/health_checker.go:99 msg="Health check OK" service="load balancer" addr=http://localhost:15000 status=404
time=2026-03-16T16:33:00.172+07:00 level=DEBUG source=/home/le/Documents/loadbalancer/internal/health/health_checker.go:99 msg="Health check OK" service="load balancer" addr=http://localhost:15001 status=404
time=2026-03-16T16:33:00.173+07:00 level=DEBUG source=/home/le/Documents/loadbalancer/internal/health/health_checker.go:99 msg="Health check OK" service="load balancer" addr=http://localhost:15000 status=404
time=2026-03-16T16:33:10.166+07:00 level=DEBUG source=/home/le/Documents/loadbalancer/internal/health/health_checker.go:99 msg="Health check OK" service="load balancer" addr=http://localhost:15000 status=404
time=2026-03-16T16:33:10.167+07:00 level=DEBUG source=/home/le/Documents/loadbalancer/internal/health/health_checker.go:99 msg="Health check OK" service="load balancer" addr=http://localhost:15001 status=404
time=2026-03-16T16:33:20.172+07:00 level=DEBUG source=/home/le/Documents/loadbalancer/internal/health/health_checker.go:99 msg="Health check OK" service="load balancer" addr=http://localhost:15001 status=404
time=2026-03-16T16:33:20.173+07:00 level=DEBUG source=/home/le/Documents/loadbalancer/internal/health/health_checker.go:99 msg="Health check OK" service="load balancer" addr=http://localhost:15000 status=404
time=2026-03-16T16:33:30.168+07:00 level=DEBUG source=/home/le/Documents/loadbalancer/internal/health/health_checker.go:99 msg="Health check OK" service="load balancer" addr=http://localhost:15001 status=404
time=2026-03-16T16:33:30.168+07:00 level=DEBUG source=/home/le/Documents/loadbalancer/internal/health/health_checker.go:99 msg="Health check OK" service="load balancer" addr=http://localhost:15000 status=404
time=2026-03-16T16:33:40.172+07:00 level=DEBUG source=/home/le/Documents/loadbalancer/internal/health/health_checker.go:99 msg="Health check OK" service="load balancer" addr=http://localhost:15000 status=404
time=2026-03-16T16:33:40.172+07:00 level=DEBUG source=/home/le/Documents/loadbalancer/internal/health/health_checker.go:99 msg="Health check OK" service="load balancer" addr=http://localhost:15001 status=404
time=2026-03-16T16:33:50.173+07:00 level=DEBUG source=/home/le/Documents/loadbalancer/internal/health/health_checker.go:99 msg="Health check OK" service="load balancer" addr=http://localhost:15000 status=404
time=2026-03-16T16:33:50.173+07:00 level=DEBUG source=/home/le/Documents/loadbalancer/internal/health/health_checker.go:99 msg="Health check OK" service="load balancer" addr=http://localhost:15001 status=404
time=2026-03-16T16:34:00.171+07:00 level=DEBUG source=/home/le/Documents/loadbalancer/internal/health/health_checker.go:99 msg="Health check OK" service="load balancer" addr=http://localhost:15001 status=404
time=2026-03-16T16:34:00.171+07:00 level=DEBUG source=/home/le/Documents/loadbalancer/internal/health/health_checker.go:99 msg="Health check OK" service="load balancer" addr=http://localhost:15000 status=404
time=2026-03-16T16:34:10.173+07:00 level=DEBUG source=/home/le/Documents/loadbalancer/internal/health/health_checker.go:99 msg="Health check OK" service="load balancer" addr=http://localhost:15000 status=404
time=2026-03-16T16:34:10.173+07:00 level=DEBUG source=/home/le/Documents/loadbalancer/internal/health/health_checker.go:99 msg="Health check OK" service="load balancer" addr=http://localhost:15001 status=404
time=2026-03-16T16:34:20.173+07:00 level=DEBUG source=/home/le/Documents/loadbalancer/internal/health/health_checker.go:99 msg="Health check OK" service="load balancer" addr=http://localhost:15000 status=404
time=2026-03-16T16:34:20.173+07:00 level=DEBUG source=/home/le/Documents/loadbalancer/internal/health/health_checker.go:99 msg="Health check OK" service="load balancer" addr=http://localhost:15001 status=404
time=2026-03-16T16:34:30.167+07:00 level=DEBUG source=/home/le/Documents/loadbalancer/internal/health/health_checker.go:99 msg="Health check OK" service="load balancer" addr=http://localhost:15000 status=404
time=2026-03-16T16:34:30.169+07:00 level=DEBUG source=/home/le/Documents/loadbalancer/internal/health/health_checker.go:99 msg="Health check OK" service="load balancer" addr=http://localhost:15001 status=404
time=2026-03-16T16:34:40.172+07:00 level=DEBUG source=/home/le/Documents/loadbalancer/internal/health/health_checker.go:99 msg="Health check OK" service="load balancer" addr=http://localhost:15000 status=404
time=2026-03-16T16:34:40.172+07:00 level=DEBUG source=/home/le/Documents/loadbalancer/internal/health/health_checker.go:99 msg="Health check OK" service="load balancer" addr=http://localhost:15001 status=404
time=2026-03-16T16:34:50.171+07:00 level=DEBUG source=/home/le/Documents/loadbalancer/internal/health/health_checker.go:99 msg="Health check OK" service="load balancer" addr=http://localhost:15001 status=404
time=2026-03-16T16:34:50.172+07:00 level=DEBUG source=/home/le/Documents/loadbalancer/internal/health/health_checker.go:99 msg="Health check OK" service="load balancer" addr=http://localhost:15000 status=404
time=2026-03-16T16:35:00.172+07:00 level=DEBUG source=/home/le/Documents/loadbalancer/internal/health/health_checker.go:99 msg="Health check OK" service="load balancer" addr=http://localhost:15001 status=404
time=2026-03-16T16:35:00.172+07:00 level=DEBUG source=/home/le/Documents/loadbalancer/internal/health/health_checker.go:99 msg="Health check OK" service="load balancer" addr=http://localhost:15000 status=404
time=2026-03-16T16:35:10.171+07:00 level=DEBUG source=/home/le/Documents/loadbalancer/internal/health/health_checker.go:99 msg="Health check OK" service="load balancer" addr=http://localhost:15001 status=404
time=2026-03-16T16:35:10.171+07:00 level=DEBUG source=/home/le/Documents/loadbalancer/internal/health/health_checker.go:99 msg="Health check OK" service="load balancer" addr=http://localhost:15000 status=404
time=2026-03-16T16:35:20.172+07:00 level=DEBUG source=/home/le/Documents/loadbalancer/internal/health/health_checker.go:99 msg="Health check OK" service="load balancer" addr=http://localhost:15000 status=404
time=2026-03-16T16:35:20.172+07:00 level=DEBUG source=/home/le/Documents/loadbalancer/internal/health/health_checker.go:99 msg="Health check OK" service="load balancer" addr=http://localhost:15001 status=404
time=2026-03-16T16:35:30.168+07:00 level=DEBUG source=/home/le/Documents/loadbalancer/internal/health/health_checker.go:99 msg="Health check OK" service="load balancer" addr=http://localhost:15000 status=404
time=2026-03-16T16:35:30.168+07:00 level=DEBUG source=/home/le/Documents/loadbalancer/internal/health/health_checker.go:99 msg="Health check OK" service="load balancer" addr=http://localhost:15001 status=404
time=2026-03-16T16:35:40.167+07:00 level=DEBUG source=/home/le/Documents/loadbalancer/internal/health/health_checker.go:99 msg="Health check OK" service="load balancer" addr=http://localhost:15000 status=404
time=2026-03-16T16:35:40.167+07:00 level=DEBUG source=/home/le/Documents/loadbalancer/internal/health/health_checker.go:99 msg="Health check OK" service="load balancer" addr=http://localhost:15001 status=404
time=2026-03-16T16:35:50.173+07:00 level=DEBUG source=/home/le/Documents/loadbalancer/internal/health/health_checker.go:99 msg="Health check OK" service="load balancer" addr=http://localhost:15001 status=404
time=2026-03-16T16:35:50.175+07:00 level=DEBUG source=/home/le/Documents/loadbalancer/internal/health/health_checker.go:99 msg="Health check OK" service="load balancer" addr=http://localhost:15000 status=404
time=2026-03-16T16:36:00.173+07:00 level=DEBUG source=/home/le/Documents/loadbalancer/internal/health/health_checker.go:99 msg="Health check OK" service="load balancer" addr=http://localhost:15000 status=404
time=2026-03-16T16:36:00.176+07:00 level=DEBUG source=/home/le/Documents/loadbalancer/internal/health/health_checker.go:99 msg="Health check OK" service="load balancer" addr=http://localhost:15001 status=404
time=2026-03-16T16:36:10.173+07:00 level=DEBUG source=/home/le/Documents/loadbalancer/internal/health/health_checker.go:99 msg="Health check OK" service="load balancer" addr=http://localhost:15000 status=404
time=2026-03-16T16:36:10.173+07:00 level=DEBUG source=/home/le/Documents/loadbalancer/internal/health/health_checker.go:99 msg="Health check OK" service="load balancer" addr=http://localhost:15001 status=404
time=2026-03-16T16:36:20.173+07:00 level=DEBUG source=/home/le/Documents/loadbalancer/internal/health/health_checker.go:99 msg="Health check OK" service="load balancer" addr=http://localhost:15001 status=404
time=2026-03-16T16:36:20.173+07:00 level=DEBUG source=/home/le/Documents/loadbalancer/internal/health/health_checker.go:99 msg="Health check OK" service="load balancer" addr=http://localhost:15000 status=404
time=2026-03-16T16:36:30.169+07:00 level=DEBUG source=/home/le/Documents/loadbalancer/internal/health/health_checker.go:99 msg="Health check OK" service="load balancer" addr=http://localhost:15000 status=404
time=2026-03-16T16:36:30.170+07:00 level=DEBUG source=/home/le/Documents/loadbalancer/internal/health/health_checker.go:99 msg="Health check OK" service="load balancer" addr=http://localhost:15001 status=404
time=2026-03-16T16:36:40.172+07:00 level=DEBUG source=/home/le/Documents/loadbalancer/internal/health/health_checker.go:99 msg="Health check OK" service="load balancer" addr=http://localhost:15000 status=404
time=2026-03-16T16:36:40.172+07:00 level=DEBUG source=/home/le/Documents/loadbalancer/internal/health/health_checker.go:99 msg="Health check OK" service="load balancer" addr=http://localhost:15001 status=404
time=2026-03-16T16:36:50.172+07:00 level=DEBUG source=/home/le/Documents/loadbalancer/internal/health/health_checker.go:99 msg="Health check OK" service="load balancer" addr=http://localhost:15000 status=404
time=2026-03-16T16:36:50.173+07:00 level=DEBUG source=/home/le/Documents/loadbalancer/internal/health/health_checker.go:99 msg="Health check OK" service="load balancer" addr=http://localhost:15001 status=404
time=2026-03-16T16:37:00.171+07:00 level=DEBUG source=/home/le/Documents/loadbalancer/internal/health/health_checker.go:99 msg="Health check OK" service="load balancer" addr=http://localhost:15000 status=404
time=2026-03-16T16:37:00.172+07:00 level=DEBUG source=/home/le/Documents/loadbalancer/internal/health/health_checker.go:99 msg="Health check OK" service="load balancer" addr=http://localhost:15001 status=404
time=2026-03-16T16:37:10.172+07:00 level=DEBUG source=/home/le/Documents/loadbalancer/internal/health/health_checker.go:99 msg="Health check OK" service="load balancer" addr=http://localhost:15000 status=404
time=2026-03-16T16:37:10.173+07:00 level=DEBUG source=/home/le/Documents/loadbalancer/internal/health/health_checker.go:99 msg="Health check OK" service="load balancer" addr=http://localhost:15001 status=404
time=2026-03-16T16:37:20.172+07:00 level=DEBUG source=/home/le/Documents/loadbalancer/internal/health/health_checker.go:99 msg="Health check OK" service="load balancer" addr=http://localhost:15000 status=404
time=2026-03-16T16:37:20.172+07:00 level=DEBUG source=/home/le/Documents/loadbalancer/internal/health/health_checker.go:99 msg="Health check OK" service="load balancer" addr=http://localhost:15001 status=404
time=2026-03-16T16:37:30.168+07:00 level=DEBUG source=/home/le/Documents/loadbalancer/internal/health/health_checker.go:99 msg="Health check OK" service="load balancer" addr=http://localhost:15001 status=404
time=2026-03-16T16:37:30.169+07:00 level=DEBUG source=/home/le/Documents/loadbalancer/internal/health/health_checker.go:99 msg="Health check OK" service="load balancer" addr=http://localhost:15000 status=404
time=2026-03-16T16:37:40.168+07:00 level=DEBUG source=/home/le/Documents/loadbalancer/internal/health/health_checker.go:99 msg="Health check OK" service="load balancer" addr=http://localhost:15000 status=404
time=2026-03-16T16:37:40.168+07:00 level=DEBUG source=/home/le/Documents/loadbalancer/internal/health/health_checker.go:99 msg="Health check OK" service="load balancer" addr=http://localhost:15001 status=404
time=2026-03-16T16:37:50.171+07:00 level=DEBUG source=/home/le/Documents/loadbalancer/internal/health/health_checker.go:99 msg="Health check OK" service="load balancer" addr=http://localhost:15000 status=404
time=2026-03-16T16:37:50.171+07:00 level=DEBUG source=/home/le/Documents/loadbalancer/internal/health/health_checker.go:99 msg="Health check OK" service="load balancer" addr=http://localhost:15001 status=404
time=2026-03-16T16:38:00.175+07:00 level=DEBUG source=/home/le/Documents/loadbalancer/internal/health/health_checker.go:99 msg="Health check OK" service="load balancer" addr=http://localhost:15000 status=404
time=2026-03-16T16:38:00.175+07:00 level=DEBUG source=/home/le/Documents/loadbalancer/internal/health/health_checker.go:99 msg="Health check OK" service="load balancer" addr=http://localhost:15001 status=404
time=2026-03-16T16:38:10.169+07:00 level=DEBUG source=/home/le/Documents/loadbalancer/internal/health/health_checker.go:99 msg="Health check OK" service="load balancer" addr=http://localhost:15000 status=404
time=2026-03-16T16:38:10.170+07:00 level=DEBUG source=/home/le/Documents/loadbalancer/internal/health/health_checker.go:99 msg="Health check OK" service="load balancer" addr=http://localhost:15001 status=404
time=2026-03-16T16:38:20.172+07:00 level=DEBUG source=/home/le/Documents/loadbalancer/internal/health/health_checker.go:99 msg="Health check OK" service="load balancer" addr=http://localhost:15000 status=404
time=2026-03-16T16:38:20.173+07:00 level=DEBUG source=/home/le/Documents/loadbalancer/internal/health/health_checker.go:99 msg="Health check OK" service="load balancer" addr=http://localhost:15001 status=404
time=2026-03-16T16:38:30.168+07:00 level=DEBUG source=/home/le/Documents/loadbalancer/internal/health/health_checker.go:99 msg="Health check OK" service="load balancer" addr=http://localhost:15000 status=404
time=2026-03-16T16:38:30.168+07:00 level=DEBUG source=/home/le/Documents/loadbalancer/internal/health/health_checker.go:99 msg="Health check OK" service="load balancer" addr=http://localhost:15001 status=404
time=2026-03-16T16:38:40.172+07:00 level=DEBUG source=/home/le/Documents/loadbalancer/internal/health/health_checker.go:99 msg="Health check OK" service="load balancer" addr=http://localhost:15000 status=404
time=2026-03-16T16:38:40.173+07:00 level=DEBUG source=/home/le/Documents/loadbalancer/internal/health/health_checker.go:99 msg="Health check OK" service="load balancer" addr=http://localhost:15001 status=404
time=2026-03-16T16:38:50.172+07:00 level=DEBUG source=/home/le/Documents/loadbalancer/internal/health/health_checker.go:99 msg="Health check OK" service="load balancer" addr=http://localhost:15001 status=404
time=2026-03-16T16:38:50.172+07:00 level=DEBUG source=/home/le/Documents/loadbalancer/internal/health/health_checker.go:99 msg="Health check OK" service="load balancer" addr=http://localhost:15000 status=404
time=2026-03-16T16:39:00.172+07:00 level=DEBUG source=/home/le/Documents/loadbalancer/internal/health/health_checker.go:99 msg="Health check OK" service="load balancer" addr=http://localhost:15000 status=404
time=2026-03-16T16:39:00.173+07:00 level=DEBUG source=/home/le/Documents/loadbalancer/internal/health/health_checker.go:99 msg="Health check OK" service="load balancer" addr=http://localhost:15001 status=404
time=2026-03-16T16:39:10.172+07:00 level=DEBUG source=/home/le/Documents/loadbalancer/internal/health/health_checker.go:99 msg="Health check OK" service="load balancer" addr=http://localhost:15000 status=404
time=2026-03-16T16:39:10.172+07:00 level=DEBUG source=/home/le/Documents/loadbalancer/internal/health/health_checker.go:99 msg="Health check OK" service="load balancer" addr=http://localhost:15001 status=404
time=2026-03-16T16:39:20.171+07:00 level=DEBUG source=/home/le/Documents/loadbalancer/internal/health/health_checker.go:99 msg="Health check OK" service="load balancer" addr=http://localhost:15001 status=404
time=2026-03-16T16:39:20.171+07:00 level=DEBUG source=/home/le/Documents/loadbalancer/internal/health/health_checker.go:99 msg="Health check OK" service="load balancer" addr=http://localhost:15000 status=404
time=2026-03-16T16:39:30.169+07:00 level=DEBUG source=/home/le/Documents/loadbalancer/internal/health/health_checker.go:99 msg="Health check OK" service="load balancer" addr=http://localhost:15000 status=404
time=2026-03-16T16:39:30.170+07:00 level=DEBUG source=/home/le/Documents/loadbalancer/internal/health/health_checker.go:99 msg="Health check OK" service="load balancer" addr=http://localhost:15001 status=404
time=2026-03-16T16:39:40.172+07:00 level=DEBUG source=/home/le/Documents/loadbalancer/internal/health/health_checker.go:99 msg="Health check OK" service="load balancer" addr=http://localhost:15000 status=404
time=2026-03-16T16:39:40.173+07:00 level=DEBUG source=/home/le/Documents/loadbalancer/internal/health/health_checker.go:99 msg="Health check OK" service="load balancer" addr=http://localhost:15001 status=404
time=2026-03-16T16:39:50.175+07:00 level=DEBUG source=/home/le/Documents/loadbalancer/internal/health/health_checker.go:99 msg="Health check OK" service="load balancer" addr=http://localhost:15000 status=404
time=2026-03-16T16:39:50.176+07:00 level=DEBUG source=/home/le/Documents/loadbalancer/internal/health/health_checker.go:99 msg="Health check OK" service="load balancer" addr=http://localhost:15001 status=404
time=2026-03-16T16:40:00.172+07:00 level=DEBUG source=/home/le/Documents/loadbalancer/internal/health/health_checker.go:99 msg="Health check OK" service="load balancer" addr=http://localhost:15001 status=404
time=2026-03-16T16:40:00.173+07:00 level=DEBUG source=/home/le/Documents/loadbalancer/internal/health/health_checker.go:99 msg="Health check OK" service="load balancer" addr=http://localhost:15000 status=404
time=2026-03-16T16:40:10.171+07:00 level=DEBUG source=/home/le/Documents/loadbalancer/internal/health/health_checker.go:99 msg="Health check OK" service="load balancer" addr=http://localhost:15000 status=404
time=2026-03-16T16:40:10.172+07:00 level=DEBUG source=/home/le/Documents/loadbalancer/internal/health/health_checker.go:99 msg="Health check OK" service="load balancer" addr=http://localhost:15001 status=404
time=2026-03-16T16:40:20.175+07:00 level=DEBUG source=/home/le/Documents/loadbalancer/internal/health/health_checker.go:99 msg="Health check OK" service="load balancer" addr=http://localhost:15001 status=404
time=2026-03-16T16:40:20.175+07:00 level=DEBUG source=/home/le/Documents/loadbalancer/internal/health/health_checker.go:99 msg="Health check OK" service="load balancer" addr=http://localhost:15000 status=404
time=2026-03-16T16:40:30.167+07:00 level=DEBUG source=/home/le/Documents/loadbalancer/internal/health/health_checker.go:99 msg="Health check OK" service="load balancer" addr=http://localhost:15000 status=404
time=2026-03-16T16:40:30.167+07:00 level=DEBUG source=/home/le/Documents/loadbalancer/internal/health/health_checker.go:99 msg="Health check OK" service="load balancer" addr=http://localhost:15001 status=404
time=2026-03-16T16:40:40.172+07:00 level=DEBUG source=/home/le/Documents/loadbalancer/internal/health/health_checker.go:99 msg="Health check OK" service="load balancer" addr=http://localhost:15001 status=404
time=2026-03-16T16:40:40.173+07:00 level=DEBUG source=/home/le/Documents/loadbalancer/internal/health/health_checker.go:99 msg="Health check OK" service="load balancer" addr=http://localhost:15000 status=404
time=2026-03-16T16:40:50.173+07:00 level=DEBUG source=/home/le/Documents/loadbalancer/internal/health/health_checker.go:99 msg="Health check OK" service="load balancer" addr=http://localhost:15000 status=404
time=2026-03-16T16:40:50.173+07:00 level=DEBUG source=/home/le/Documents/loadbalancer/internal/health/health_checker.go:99 msg="Health check OK" service="load balancer" addr=http://localhost:15001 status=404
time=2026-03-16T16:41:00.172+07:00 level=DEBUG source=/home/le/Documents/loadbalancer/internal/health/health_checker.go:99 msg="Health check OK" service="load balancer" addr=http://localhost:15001 status=404
time=2026-03-16T16:41:00.173+07:00 level=DEBUG source=/home/le/Documents/loadbalancer/internal/health/health_checker.go:99 msg="Health check OK" service="load balancer" addr=http://localhost:15000 status=404
time=2026-03-16T16:41:10.173+07:00 level=DEBUG source=/home/le/Documents/loadbalancer/internal/health/health_checker.go:99 msg="Health check OK" service="load balancer" addr=http://localhost:15000 status=404
time=2026-03-16T16:41:10.173+07:00 level=DEBUG source=/home/le/Documents/loadbalancer/internal/health/health_checker.go:99 msg="Health check OK" service="load balancer" addr=http://localhost:15001 status=404
time=2026-03-16T16:41:20.172+07:00 level=DEBUG source=/home/le/Documents/loadbalancer/internal/health/health_checker.go:99 msg="Health check OK" service="load balancer" addr=http://localhost:15000 status=404
time=2026-03-16T16:41:20.173+07:00 level=DEBUG source=/home/le/Documents/loadbalancer/internal/health/health_checker.go:99 msg="Health check OK" service="load balancer" addr=http://localhost:15001 status=404
time=2026-03-16T16:41:30.168+07:00 level=DEBUG source=/home/le/Documents/loadbalancer/internal/health/health_checker.go:99 msg="Health check OK" service="load balancer" addr=http://localhost:15000 status=404
time=2026-03-16T16:41:30.168+07:00 level=DEBUG source=/home/le/Documents/loadbalancer/internal/health/health_checker.go:99 msg="Health check OK" service="load balancer" addr=http://localhost:15001 status=404
time=2026-03-16T16:41:40.172+07:00 level=DEBUG source=/home/le/Documents/loadbalancer/internal/health/health_checker.go:99 msg="Health check OK" service="load balancer" addr=http://localhost:15000 status=404
time=2026-03-16T16:41:40.173+07:00 level=DEBUG source=/home/le/Documents/loadbalancer/internal/health/health_checker.go:99 msg="Health check OK" service="load balancer" addr=http://localhost:15001 status=404
time=2026-03-16T16:41:50.166+07:00 level=DEBUG source=/home/le/Documents/loadbalancer/internal/health/health_checker.go:99 msg="Health check OK" service="load balancer" addr=http://localhost:15000 status=404
time=2026-03-16T16:41:50.166+07:00 level=DEBUG source=/home/le/Documents/loadbalancer/internal/health/health_checker.go:99 msg="Health check OK" service="load balancer" addr=http://localhost:15001 status=404
time=2026-03-16T16:42:00.171+07:00 level=DEBUG source=/home/le/Documents/loadbalancer/internal/health/health_checker.go:99 msg="Health check OK" service="load balancer" addr=http://localhost:15001 status=404
time=2026-03-16T16:42:00.171+07:00 level=DEBUG source=/home/le/Documents/loadbalancer/internal/health/health_checker.go:99 msg="Health check OK" service="load balancer" addr=http://localhost:15000 status=404
time=2026-03-16T16:42:10.172+07:00 level=DEBUG source=/home/le/Documents/loadbalancer/internal/health/health_checker.go:99 msg="Health check OK" service="load balancer" addr=http://localhost:15000 status=404
time=2026-03-16T16:42:10.172+07:00 level=DEBUG source=/home/le/Documents/loadbalancer/internal/health/health_checker.go:99 msg="Health check OK" service="load balancer" addr=http://localhost:15001 status=404
time=2026-03-16T16:42:20.172+07:00 level=DEBUG source=/home/le/Documents/loadbalancer/internal/health/health_checker.go:99 msg="Health check OK" service="load balancer" addr=http://localhost:15001 status=404
time=2026-03-16T16:42:20.172+07:00 level=DEBUG source=/home/le/Documents/loadbalancer/internal/health/health_checker.go:99 msg="Health check OK" service="load balancer" addr=http://localhost:15000 status=404
time=2026-03-16T16:42:30.167+07:00 level=DEBUG source=/home/le/Documents/loadbalancer/internal/health/health_checker.go:99 msg="Health check OK" service="load balancer" addr=http://localhost:15001 status=404
time=2026-03-16T16:42:30.167+07:00 level=DEBUG source=/home/le/Documents/loadbalancer/internal/health/health_checker.go:99 msg="Health check OK" service="load balancer" addr=http://localhost:15000 status=404
time=2026-03-16T16:42:40.172+07:00 level=DEBUG source=/home/le/Documents/loadbalancer/internal/health/health_checker.go:99 msg="Health check OK" service="load balancer" addr=http://localhost:15001 status=404
time=2026-03-16T16:42:40.174+07:00 level=DEBUG source=/home/le/Documents/loadbalancer/internal/health/health_checker.go:99 msg="Health check OK" service="load balancer" addr=http://localhost:15000 status=404
time=2026-03-16T16:42:50.171+07:00 level=DEBUG source=/home/le/Documents/loadbalancer/internal/health/health_checker.go:99 msg="Health check OK" service="load balancer" addr=http://localhost:15001 status=404
time=2026-03-16T16:42:50.172+07:00 level=DEBUG source=/home/le/Documents/loadbalancer/internal/health/health_checker.go:99 msg="Health check OK" service="load balancer" addr=http://localhost:15000 status=404
time=2026-03-16T16:43:00.171+07:00 level=DEBUG source=/home/le/Documents/loadbalancer/internal/health/health_checker.go:99 msg="Health check OK" service="load balancer" addr=http://localhost:15001 status=404
time=2026-03-16T16:43:00.171+07:00 level=DEBUG source=/home/le/Documents/loadbalancer/internal/health/health_checker.go:99 msg="Health check OK" service="load balancer" addr=http://localhost:15000 status=404
time=2026-03-16T16:43:10.171+07:00 level=DEBUG source=/home/le/Documents/loadbalancer/internal/health/health_checker.go:99 msg="Health check OK" service="load balancer" addr=http://localhost:15001 status=404
time=2026-03-16T16:43:10.171+07:00 level=DEBUG source=/home/le/Documents/loadbalancer/internal/health/health_checker.go:99 msg="Health check OK" service="load balancer" addr=http://localhost:15000 status=404
time=2026-03-16T16:43:20.173+07:00 level=DEBUG source=/home/le/Documents/loadbalancer/internal/health/health_checker.go:99 msg="Health check OK" service="load balancer" addr=http://localhost:15000 status=404
time=2026-03-16T16:43:20.173+07:00 level=DEBUG source=/home/le/Documents/loadbalancer/internal/health/health_checker.go:99 msg="Health check OK" service="load balancer" addr=http://localhost:15001 status=404
time=2026-03-16T16:43:30.167+07:00 level=DEBUG source=/home/le/Documents/loadbalancer/internal/health/health_checker.go:99 msg="Health check OK" service="load balancer" addr=http://localhost:15000 status=404
time=2026-03-16T16:43:30.168+07:00 level=DEBUG source=/home/le/Documents/loadbalancer/internal/health/health_checker.go:99 msg="Health check OK" service="load balancer" addr=http://localhost:15001 status=404
time=2026-03-16T16:43:40.172+07:00 level=DEBUG source=/home/le/Documents/loadbalancer/internal/health/health_checker.go:99 msg="Health check OK" service="load balancer" addr=http://localhost:15000 status=404
time=2026-03-16T16:43:40.173+07:00 level=DEBUG source=/home/le/Documents/loadbalancer/internal/health/health_checker.go:99 msg="Health check OK" service="load balancer" addr=http://localhost:15001 status=404
time=2026-03-16T16:43:50.166+07:00 level=DEBUG source=/home/le/Documents/loadbalancer/internal/health/health_checker.go:99 msg="Health check OK" service="load balancer" addr=http://localhost:15000 status=404
time=2026-03-16T16:43:50.166+07:00 level=DEBUG source=/home/le/Documents/loadbalancer/internal/health/health_checker.go:99 msg="Health check OK" service="load balancer" addr=http://localhost:15001 status=404
time=2026-03-16T16:44:00.168+07:00 level=DEBUG source=/home/le/Documents/loadbalancer/internal/health/health_checker.go:99 msg="Health check OK" service="load balancer" addr=http://localhost:15000 status=404
time=2026-03-16T16:44:00.168+07:00 level=DEBUG source=/home/le/Documents/loadbalancer/internal/health/health_checker.go:99 msg="Health check OK" service="load balancer" addr=http://localhost:15001 status=404
time=2026-03-16T16:44:10.174+07:00 level=DEBUG source=/home/le/Documents/loadbalancer/internal/health/health_checker.go:99 msg="Health check OK" service="load balancer" addr=http://localhost:15000 status=404
time=2026-03-16T16:44:10.175+07:00 level=DEBUG source=/home/le/Documents/loadbalancer/internal/health/health_checker.go:99 msg="Health check OK" service="load balancer" addr=http://localhost:15001 status=404
time=2026-03-16T16:44:20.172+07:00 level=DEBUG source=/home/le/Documents/loadbalancer/internal/health/health_checker.go:99 msg="Health check OK" service="load balancer" addr=http://localhost:15000 status=404
time=2026-03-16T16:44:20.172+07:00 level=DEBUG source=/home/le/Documents/loadbalancer/internal/health/health_checker.go:99 msg="Health check OK" service="load balancer" addr=http://localhost:15001 status=404
time=2026-03-16T16:44:20.779+07:00 level=INFO source=/home/le/Documents/loadbalancer/internal/middleware/tracer/tracer.go:73 msg="tracing injected" service="load balancer" trace_id=5812d0c3ff506635f39920defc11b459 span_id=e5498ac34d626382 parent_span_id="" path=/java-service/hello sampled=true
time=2026-03-16T16:44:20.780+07:00 level=INFO source=/home/le/Documents/loadbalancer/internal/middleware/sticky/sticky.go:149 msg="Created new sticky session" service="load balancer" module=SECURITY session_id=7c73d0fccb74558b89455b6f9b9cb6ac backend_id=294bb404-dc13-4149-97ab-01f3a575ea5b server_name=java-service ttl_seconds=3600
time=2026-03-16T16:44:20.780+07:00 level=DEBUG source=/home/le/Documents/loadbalancer/internal/app/app_handler.go:66 msg="Routed request" service="load balancer" trace_id=5812d0c3ff506635f39920defc11b459 backend=http://localhost:15000
time=2026-03-16T16:44:20.783+07:00 level=DEBUG source=/home/le/Documents/loadbalancer/internal/app/app_handler.go:72 msg="Routed request" service="load balancer" path=/java-service/hello service=java-service backend=http://localhost:15000
time=2026-03-16T16:44:20.783+07:00 level=INFO source=/home/le/Documents/loadbalancer/internal/middleware/logging/logging.go:71 msg="HTTP request completed" service="load balancer" module=TRAFFIC method=GET path=/java-service/hello remote_ip=::1 status=200 latency_ms=4.072 resp_bytes=39
time=2026-03-16T16:44:26.739+07:00 level=INFO source=/home/le/Documents/loadbalancer/internal/middleware/tracer/tracer.go:73 msg="tracing injected" service="load balancer" trace_id=e8f5ba0bb7fbd7e675e814addc57d143 span_id=dea49ed91d71f9c2 parent_span_id="" path=/java-service/hello sampled=true
time=2026-03-16T16:44:26.739+07:00 level=INFO source=/home/le/Documents/loadbalancer/internal/middleware/sticky/sticky.go:149 msg="Created new sticky session" service="load balancer" module=SECURITY session_id=4799a9b0809b2609f28106631f961852 backend_id=294bb404-dc13-4149-97ab-01f3a575ea5b server_name=java-service ttl_seconds=3600
time=2026-03-16T16:44:26.739+07:00 level=DEBUG source=/home/le/Documents/loadbalancer/internal/app/app_handler.go:66 msg="Routed request" service="load balancer" trace_id=e8f5ba0bb7fbd7e675e814addc57d143 backend=http://localhost:15000
time=2026-03-16T16:44:26.742+07:00 level=DEBUG source=/home/le/Documents/loadbalancer/internal/app/app_handler.go:72 msg="Routed request" service="load balancer" path=/java-service/hello service=java-service backend=http://localhost:15000
time=2026-03-16T16:44:26.742+07:00 level=INFO source=/home/le/Documents/loadbalancer/internal/middleware/logging/logging.go:71 msg="HTTP request completed" service="load balancer" module=TRAFFIC method=GET path=/java-service/hello remote_ip=::1 status=200 latency_ms=3.479 resp_bytes=39
time=2026-03-16T16:44:30.168+07:00 level=DEBUG source=/home/le/Documents/loadbalancer/internal/health/health_checker.go:99 msg="Health check OK" service="load balancer" addr=http://localhost:15000 status=404
time=2026-03-16T16:44:30.168+07:00 level=DEBUG source=/home/le/Documents/loadbalancer/internal/health/health_checker.go:99 msg="Health check OK" service="load balancer" addr=http://localhost:15001 status=404
time=2026-03-16T16:44:40.168+07:00 level=DEBUG source=/home/le/Documents/loadbalancer/internal/health/health_checker.go:99 msg="Health check OK" service="load balancer" addr=http://localhost:15000 status=404
time=2026-03-16T16:44:40.169+07:00 level=DEBUG source=/home/le/Documents/loadbalancer/internal/health/health_checker.go:99 msg="Health check OK" service="load balancer" addr=http://localhost:15001 status=404
time=2026-03-16T16:44:41.151+07:00 level=INFO source=/home/le/Documents/loadbalancer/internal/middleware/tracer/tracer.go:73 msg="tracing injected" service="load balancer" trace_id=d0b82f826d3df09d5cc8685458f6ab5a span_id=799201471c68d134 parent_span_id="" path=/java-service/hello sampled=true
time=2026-03-16T16:44:41.151+07:00 level=INFO source=/home/le/Documents/loadbalancer/internal/middleware/sticky/sticky.go:149 msg="Created new sticky session" service="load balancer" module=SECURITY session_id=89cfd8b2b13a1f5ac490b77db348b1a4 backend_id=294bb404-dc13-4149-97ab-01f3a575ea5b server_name=java-service ttl_seconds=3600
time=2026-03-16T16:44:41.151+07:00 level=DEBUG source=/home/le/Documents/loadbalancer/internal/app/app_handler.go:66 msg="Routed request" service="load balancer" trace_id=d0b82f826d3df09d5cc8685458f6ab5a backend=http://localhost:15000
time=2026-03-16T16:44:41.154+07:00 level=DEBUG source=/home/le/Documents/loadbalancer/internal/app/app_handler.go:72 msg="Routed request" service="load balancer" path=/java-service/hello service=java-service backend=http://localhost:15000
time=2026-03-16T16:44:41.154+07:00 level=INFO source=/home/le/Documents/loadbalancer/internal/middleware/logging/logging.go:71 msg="HTTP request completed" service="load balancer" module=TRAFFIC method=GET path=/java-service/hello remote_ip=::1 status=200 latency_ms=3.403 resp_bytes=39
time=2026-03-16T16:44:50.174+07:00 level=DEBUG source=/home/le/Documents/loadbalancer/internal/health/health_checker.go:99 msg="Health check OK" service="load balancer" addr=http://localhost:15000 status=404
time=2026-03-16T16:44:50.175+07:00 level=DEBUG source=/home/le/Documents/loadbalancer/internal/health/health_checker.go:99 msg="Health check OK" service="load balancer" addr=http://localhost:15001 status=404
time=2026-03-16T16:45:00.168+07:00 level=DEBUG source=/home/le/Documents/loadbalancer/internal/health/health_checker.go:99 msg="Health check OK" service="load balancer" addr=http://localhost:15001 status=404
time=2026-03-16T16:45:00.168+07:00 level=DEBUG source=/home/le/Documents/loadbalancer/internal/health/health_checker.go:99 msg="Health check OK" service="load balancer" addr=http://localhost:15000 status=404
time=2026-03-16T16:45:03.414+07:00 level=INFO source=/home/le/Documents/loadbalancer/internal/middleware/tracer/tracer.go:73 msg="tracing injected" service="load balancer" trace_id=6867027999c8750f1b293c61af53efd6 span_id=67ed2f0d9303930c parent_span_id="" path=/java-service/hello sampled=true
time=2026-03-16T16:45:03.417+07:00 level=DEBUG source=/home/le/Documents/loadbalancer/internal/middleware/sticky/sticky.go:105 msg="Sticky session hit" service="load balancer" module=SECURITY session_id=89cfd8b2b13a1f5ac490b77db348b1a4 server_pair=[0xc0001123c0]
time=2026-03-16T16:45:03.417+07:00 level=DEBUG source=/home/le/Documents/loadbalancer/internal/app/app_handler.go:66 msg="Routed request" service="load balancer" trace_id=6867027999c8750f1b293c61af53efd6 backend=http://localhost:15000
time=2026-03-16T16:45:03.423+07:00 level=DEBUG source=/home/le/Documents/loadbalancer/internal/app/app_handler.go:72 msg="Routed request" service="load balancer" path=/java-service/hello service=java-service backend=http://localhost:15000
time=2026-03-16T16:45:03.423+07:00 level=INFO source=/home/le/Documents/loadbalancer/internal/middleware/logging/logging.go:71 msg="HTTP request completed" service="load balancer" module=TRAFFIC method=GET path=/java-service/hello remote_ip=::1 status=200 latency_ms=9.381 resp_bytes=39
time=2026-03-16T16:45:10.172+07:00 level=DEBUG source=/home/le/Documents/loadbalancer/internal/health/health_checker.go:99 msg="Health check OK" service="load balancer" addr=http://localhost:15000 status=404
time=2026-03-16T16:45:10.172+07:00 level=DEBUG source=/home/le/Documents/loadbalancer/internal/health/health_checker.go:99 msg="Health check OK" service="load balancer" addr=http://localhost:15001 status=404
time=2026-03-16T16:45:12.164+07:00 level=INFO source=/home/le/Documents/loadbalancer/internal/middleware/tracer/tracer.go:73 msg="tracing injected" service="load balancer" trace_id=166b9c69ebafc0775d7ec7e6fd363268 span_id=13022f8586bd6f70 parent_span_id="" path=/java-service/hello sampled=true
time=2026-03-16T16:45:12.164+07:00 level=INFO source=/home/le/Documents/loadbalancer/internal/middleware/sticky/sticky.go:149 msg="Created new sticky session" service="load balancer" module=SECURITY session_id=114ce4e40855c283a6b45520219a35c0 backend_id=294bb404-dc13-4149-97ab-01f3a575ea5b server_name=java-service ttl_seconds=3600
time=2026-03-16T16:45:12.164+07:00 level=DEBUG source=/home/le/Documents/loadbalancer/internal/app/app_handler.go:66 msg="Routed request" service="load balancer" trace_id=166b9c69ebafc0775d7ec7e6fd363268 backend=http://localhost:15000
time=2026-03-16T16:45:12.167+07:00 level=DEBUG source=/home/le/Documents/loadbalancer/internal/app/app_handler.go:72 msg="Routed request" service="load balancer" path=/java-service/hello service=java-service backend=http://localhost:15000
time=2026-03-16T16:45:12.168+07:00 level=INFO source=/home/le/Documents/loadbalancer/internal/middleware/logging/logging.go:71 msg="HTTP request completed" service="load balancer" module=TRAFFIC method=GET path=/java-service/hello remote_ip=::1 status=200 latency_ms=3.822 resp_bytes=39
time=2026-03-16T16:45:20.166+07:00 level=DEBUG source=/home/le/Documents/loadbalancer/internal/health/health_checker.go:99 msg="Health check OK" service="load balancer" addr=http://localhost:15000 status=404
time=2026-03-16T16:45:20.166+07:00 level=DEBUG source=/home/le/Documents/loadbalancer/internal/health/health_checker.go:99 msg="Health check OK" service="load balancer" addr=http://localhost:15001 status=404
time=2026-03-16T16:45:30.168+07:00 level=DEBUG source=/home/le/Documents/loadbalancer/internal/health/health_checker.go:99 msg="Health check OK" service="load balancer" addr=http://localhost:15000 status=404
time=2026-03-16T16:45:30.168+07:00 level=DEBUG source=/home/le/Documents/loadbalancer/internal/health/health_checker.go:99 msg="Health check OK" service="load balancer" addr=http://localhost:15001 status=404
time=2026-03-16T16:45:40.171+07:00 level=DEBUG source=/home/le/Documents/loadbalancer/internal/health/health_checker.go:99 msg="Health check OK" service="load balancer" addr=http://localhost:15000 status=404
time=2026-03-16T16:45:40.171+07:00 level=DEBUG source=/home/le/Documents/loadbalancer/internal/health/health_checker.go:99 msg="Health check OK" service="load balancer" addr=http://localhost:15001 status=404
time=2026-03-16T16:45:50.166+07:00 level=DEBUG source=/home/le/Documents/loadbalancer/internal/health/health_checker.go:99 msg="Health check OK" service="load balancer" addr=http://localhost:15000 status=404
time=2026-03-16T16:45:50.167+07:00 level=DEBUG source=/home/le/Documents/loadbalancer/internal/health/health_checker.go:99 msg="Health check OK" service="load balancer" addr=http://localhost:15001 status=404
time=2026-03-16T16:46:00.167+07:00 level=DEBUG source=/home/le/Documents/loadbalancer/internal/health/health_checker.go:99 msg="Health check OK" service="load balancer" addr=http://localhost:15000 status=404
time=2026-03-16T16:46:00.167+07:00 level=DEBUG source=/home/le/Documents/loadbalancer/internal/health/health_checker.go:99 msg="Health check OK" service="load balancer" addr=http://localhost:15001 status=404
time=2026-03-16T16:46:10.172+07:00 level=DEBUG source=/home/le/Documents/loadbalancer/internal/health/health_checker.go:99 msg="Health check OK" service="load balancer" addr=http://localhost:15000 status=404
time=2026-03-16T16:46:10.173+07:00 level=DEBUG source=/home/le/Documents/loadbalancer/internal/health/health_checker.go:99 msg="Health check OK" service="load balancer" addr=http://localhost:15001 status=404
time=2026-03-16T16:46:20.173+07:00 level=DEBUG source=/home/le/Documents/loadbalancer/internal/health/health_checker.go:99 msg="Health check OK" service="load balancer" addr=http://localhost:15000 status=404
time=2026-03-16T16:46:20.174+07:00 level=DEBUG source=/home/le/Documents/loadbalancer/internal/health/health_checker.go:99 msg="Health check OK" service="load balancer" addr=http://localhost:15001 status=404
time=2026-03-16T16:46:30.167+07:00 level=DEBUG source=/home/le/Documents/loadbalancer/internal/health/health_checker.go:99 msg="Health check OK" service="load balancer" addr=http://localhost:15000 status=404
time=2026-03-16T16:46:30.168+07:00 level=DEBUG source=/home/le/Documents/loadbalancer/internal/health/health_checker.go:99 msg="Health check OK" service="load balancer" addr=http://localhost:15001 status=404
time=2026-03-16T16:46:40.173+07:00 level=DEBUG source=/home/le/Documents/loadbalancer/internal/health/health_checker.go:99 msg="Health check OK" service="load balancer" addr=http://localhost:15000 status=404
time=2026-03-16T16:46:40.174+07:00 level=DEBUG source=/home/le/Documents/loadbalancer/internal/health/health_checker.go:99 msg="Health check OK" service="load balancer" addr=http://localhost:15001 status=404
time=2026-03-16T16:46:50.172+07:00 level=DEBUG source=/home/le/Documents/loadbalancer/internal/health/health_checker.go:99 msg="Health check OK" service="load balancer" addr=http://localhost:15000 status=404
time=2026-03-16T16:46:50.174+07:00 level=DEBUG source=/home/le/Documents/loadbalancer/internal/health/health_checker.go:99 msg="Health check OK" service="load balancer" addr=http://localhost:15001 status=404
time=2026-03-16T16:47:00.172+07:00 level=DEBUG source=/home/le/Documents/loadbalancer/internal/health/health_checker.go:99 msg="Health check OK" service="load balancer" addr=http://localhost:15001 status=404
time=2026-03-16T16:47:00.172+07:00 level=DEBUG source=/home/le/Documents/loadbalancer/internal/health/health_checker.go:99 msg="Health check OK" service="load balancer" addr=http://localhost:15000 status=404
time=2026-03-16T16:47:10.167+07:00 level=DEBUG source=/home/le/Documents/loadbalancer/internal/health/health_checker.go:99 msg="Health check OK" service="load balancer" addr=http://localhost:15000 status=404
time=2026-03-16T16:47:10.167+07:00 level=DEBUG source=/home/le/Documents/loadbalancer/internal/health/health_checker.go:99 msg="Health check OK" service="load balancer" addr=http://localhost:15001 status=404
time=2026-03-16T16:47:20.173+07:00 level=DEBUG source=/home/le/Documents/loadbalancer/internal/health/health_checker.go:99 msg="Health check OK" service="load balancer" addr=http://localhost:15001 status=404
time=2026-03-16T16:47:20.186+07:00 level=DEBUG source=/home/le/Documents/loadbalancer/internal/health/health_checker.go:99 msg="Health check OK" service="load balancer" addr=http://localhost:15000 status=404
time=2026-03-16T16:47:30.168+07:00 level=DEBUG source=/home/le/Documents/loadbalancer/internal/health/health_checker.go:99 msg="Health check OK" service="load balancer" addr=http://localhost:15001 status=404
time=2026-03-16T16:47:30.168+07:00 level=DEBUG source=/home/le/Documents/loadbalancer/internal/health/health_checker.go:99 msg="Health check OK" service="load balancer" addr=http://localhost:15000 status=404
time=2026-03-16T16:47:40.172+07:00 level=DEBUG source=/home/le/Documents/loadbalancer/internal/health/health_checker.go:99 msg="Health check OK" service="load balancer" addr=http://localhost:15000 status=404
time=2026-03-16T16:47:40.172+07:00 level=DEBUG source=/home/le/Documents/loadbalancer/internal/health/health_checker.go:99 msg="Health check OK" service="load balancer" addr=http://localhost:15001 status=404
time=2026-03-16T16:47:50.167+07:00 level=DEBUG source=/home/le/Documents/loadbalancer/internal/health/health_checker.go:99 msg="Health check OK" service="load balancer" addr=http://localhost:15000 status=404
time=2026-03-16T16:47:50.172+07:00 level=DEBUG source=/home/le/Documents/loadbalancer/internal/health/health_checker.go:99 msg="Health check OK" service="load balancer" addr=http://localhost:15001 status=404
time=2026-03-16T16:48:00.171+07:00 level=DEBUG source=/home/le/Documents/loadbalancer/internal/health/health_checker.go:99 msg="Health check OK" service="load balancer" addr=http://localhost:15000 status=404
time=2026-03-16T16:48:00.172+07:00 level=DEBUG source=/home/le/Documents/loadbalancer/internal/health/health_checker.go:99 msg="Health check OK" service="load balancer" addr=http://localhost:15001 status=404
time=2026-03-16T16:48:10.175+07:00 level=DEBUG source=/home/le/Documents/loadbalancer/internal/health/health_checker.go:99 msg="Health check OK" service="load balancer" addr=http://localhost:15001 status=404
time=2026-03-16T16:48:10.175+07:00 level=DEBUG source=/home/le/Documents/loadbalancer/internal/health/health_checker.go:99 msg="Health check OK" service="load balancer" addr=http://localhost:15000 status=404
time=2026-03-16T16:48:20.172+07:00 level=DEBUG source=/home/le/Documents/loadbalancer/internal/health/health_checker.go:99 msg="Health check OK" service="load balancer" addr=http://localhost:15000 status=404
time=2026-03-16T16:48:20.172+07:00 level=DEBUG source=/home/le/Documents/loadbalancer/internal/health/health_checker.go:99 msg="Health check OK" service="load balancer" addr=http://localhost:15001 status=404
time=2026-03-16T16:48:30.168+07:00 level=DEBUG source=/home/le/Documents/loadbalancer/internal/health/health_checker.go:99 msg="Health check OK" service="load balancer" addr=http://localhost:15001 status=404
time=2026-03-16T16:48:30.168+07:00 level=DEBUG source=/home/le/Documents/loadbalancer/internal/health/health_checker.go:99 msg="Health check OK" service="load balancer" addr=http://localhost:15000 status=404
time=2026-03-16T16:48:40.172+07:00 level=DEBUG source=/home/le/Documents/loadbalancer/internal/health/health_checker.go:99 msg="Health check OK" service="load balancer" addr=http://localhost:15001 status=404
time=2026-03-16T16:48:40.172+07:00 level=DEBUG source=/home/le/Documents/loadbalancer/internal/health/health_checker.go:99 msg="Health check OK" service="load balancer" addr=http://localhost:15000 status=404
time=2026-03-16T16:48:50.175+07:00 level=DEBUG source=/home/le/Documents/loadbalancer/internal/health/health_checker.go:99 msg="Health check OK" service="load balancer" addr=http://localhost:15000 status=404
time=2026-03-16T16:48:50.175+07:00 level=DEBUG source=/home/le/Documents/loadbalancer/internal/health/health_checker.go:99 msg="Health check OK" service="load balancer" addr=http://localhost:15001 status=404
time=2026-03-16T16:49:00.172+07:00 level=DEBUG source=/home/le/Documents/loadbalancer/internal/health/health_checker.go:99 msg="Health check OK" service="load balancer" addr=http://localhost:15000 status=404
time=2026-03-16T16:49:00.172+07:00 level=DEBUG source=/home/le/Documents/loadbalancer/internal/health/health_checker.go:99 msg="Health check OK" service="load balancer" addr=http://localhost:15001 status=404
time=2026-03-16T16:49:10.173+07:00 level=DEBUG source=/home/le/Documents/loadbalancer/internal/health/health_checker.go:99 msg="Health check OK" service="load balancer" addr=http://localhost:15001 status=404
time=2026-03-16T16:49:10.173+07:00 level=DEBUG source=/home/le/Documents/loadbalancer/internal/health/health_checker.go:99 msg="Health check OK" service="load balancer" addr=http://localhost:15000 status=404
time=2026-03-16T16:49:20.171+07:00 level=DEBUG source=/home/le/Documents/loadbalancer/internal/health/health_checker.go:99 msg="Health check OK" service="load balancer" addr=http://localhost:15000 status=404
time=2026-03-16T16:49:20.171+07:00 level=DEBUG source=/home/le/Documents/loadbalancer/internal/health/health_checker.go:99 msg="Health check OK" service="load balancer" addr=http://localhost:15001 status=404
time=2026-03-16T16:49:30.167+07:00 level=DEBUG source=/home/le/Documents/loadbalancer/internal/health/health_checker.go:99 msg="Health check OK" service="load balancer" addr=http://localhost:15000 status=404
time=2026-03-16T16:49:30.168+07:00 level=DEBUG source=/home/le/Documents/loadbalancer/internal/health/health_checker.go:99 msg="Health check OK" service="load balancer" addr=http://localhost:15001 status=404
time=2026-03-16T16:49:40.173+07:00 level=DEBUG source=/home/le/Documents/loadbalancer/internal/health/health_checker.go:99 msg="Health check OK" service="load balancer" addr=http://localhost:15000 status=404
time=2026-03-16T16:49:40.174+07:00 level=DEBUG source=/home/le/Documents/loadbalancer/internal/health/health_checker.go:99 msg="Health check OK" service="load balancer" addr=http://localhost:15001 status=404
time=2026-03-16T16:49:50.168+07:00 level=DEBUG source=/home/le/Documents/loadbalancer/internal/health/health_checker.go:99 msg="Health check OK" service="load balancer" addr=http://localhost:15000 status=404
time=2026-03-16T16:49:50.169+07:00 level=DEBUG source=/home/le/Documents/loadbalancer/internal/health/health_checker.go:99 msg="Health check OK" service="load balancer" addr=http://localhost:15001 status=404
time=2026-03-16T16:50:00.172+07:00 level=DEBUG source=/home/le/Documents/loadbalancer/internal/health/health_checker.go:99 msg="Health check OK" service="load balancer" addr=http://localhost:15000 status=404
time=2026-03-16T16:50:00.172+07:00 level=DEBUG source=/home/le/Documents/loadbalancer/internal/health/health_checker.go:99 msg="Health check OK" service="load balancer" addr=http://localhost:15001 status=404
time=2026-03-16T16:50:10.172+07:00 level=DEBUG source=/home/le/Documents/loadbalancer/internal/health/health_checker.go:99 msg="Health check OK" service="load balancer" addr=http://localhost:15001 status=404
time=2026-03-16T16:50:10.172+07:00 level=DEBUG source=/home/le/Documents/loadbalancer/internal/health/health_checker.go:99 msg="Health check OK" service="load balancer" addr=http://localhost:15000 status=404
time=2026-03-16T16:50:20.172+07:00 level=DEBUG source=/home/le/Documents/loadbalancer/internal/health/health_checker.go:99 msg="Health check OK" service="load balancer" addr=http://localhost:15000 status=404
time=2026-03-16T16:50:20.172+07:00 level=DEBUG source=/home/le/Documents/loadbalancer/internal/health/health_checker.go:99 msg="Health check OK" service="load balancer" addr=http://localhost:15001 status=404
time=2026-03-16T16:50:30.168+07:00 level=DEBUG source=/home/le/Documents/loadbalancer/internal/health/health_checker.go:99 msg="Health check OK" service="load balancer" addr=http://localhost:15001 status=404
time=2026-03-16T16:50:30.168+07:00 level=DEBUG source=/home/le/Documents/loadbalancer/internal/health/health_checker.go:99 msg="Health check OK" service="load balancer" addr=http://localhost:15000 status=404
time=2026-03-16T16:50:40.171+07:00 level=DEBUG source=/home/le/Documents/loadbalancer/internal/health/health_checker.go:99 msg="Health check OK" service="load balancer" addr=http://localhost:15000 status=404
time=2026-03-16T16:50:40.172+07:00 level=DEBUG source=/home/le/Documents/loadbalancer/internal/health/health_checker.go:99 msg="Health check OK" service="load balancer" addr=http://localhost:15001 status=404
time=2026-03-16T16:50:50.172+07:00 level=DEBUG source=/home/le/Documents/loadbalancer/internal/health/health_checker.go:99 msg="Health check OK" service="load balancer" addr=http://localhost:15001 status=404
time=2026-03-16T16:50:50.172+07:00 level=DEBUG source=/home/le/Documents/loadbalancer/internal/health/health_checker.go:99 msg="Health check OK" service="load balancer" addr=http://localhost:15000 status=404
time=2026-03-16T16:51:00.172+07:00 level=DEBUG source=/home/le/Documents/loadbalancer/internal/health/health_checker.go:99 msg="Health check OK" service="load balancer" addr=http://localhost:15000 status=404
time=2026-03-16T16:51:00.172+07:00 level=DEBUG source=/home/le/Documents/loadbalancer/internal/health/health_checker.go:99 msg="Health check OK" service="load balancer" addr=http://localhost:15001 status=404
time=2026-03-16T16:51:10.172+07:00 level=DEBUG source=/home/le/Documents/loadbalancer/internal/health/health_checker.go:99 msg="Health check OK" service="load balancer" addr=http://localhost:15000 status=404
time=2026-03-16T16:51:10.172+07:00 level=DEBUG source=/home/le/Documents/loadbalancer/internal/health/health_checker.go:99 msg="Health check OK" service="load balancer" addr=http://localhost:15001 status=404
time=2026-03-16T16:51:20.172+07:00 level=DEBUG source=/home/le/Documents/loadbalancer/internal/health/health_checker.go:99 msg="Health check OK" service="load balancer" addr=http://localhost:15001 status=404
time=2026-03-16T16:51:20.172+07:00 level=DEBUG source=/home/le/Documents/loadbalancer/internal/health/health_checker.go:99 msg="Health check OK" service="load balancer" addr=http://localhost:15000 status=404
time=2026-03-16T16:51:30.166+07:00 level=DEBUG source=/home/le/Documents/loadbalancer/internal/health/health_checker.go:99 msg="Health check OK" service="load balancer" addr=http://localhost:15000 status=404
time=2026-03-16T16:51:30.167+07:00 level=DEBUG source=/home/le/Documents/loadbalancer/internal/health/health_checker.go:99 msg="Health check OK" service="load balancer" addr=http://localhost:15001 status=404
time=2026-03-16T16:51:40.173+07:00 level=DEBUG source=/home/le/Documents/loadbalancer/internal/health/health_checker.go:99 msg="Health check OK" service="load balancer" addr=http://localhost:15001 status=404
time=2026-03-16T16:51:40.173+07:00 level=DEBUG source=/home/le/Documents/loadbalancer/internal/health/health_checker.go:99 msg="Health check OK" service="load balancer" addr=http://localhost:15000 status=404
time=2026-03-16T16:51:50.169+07:00 level=DEBUG source=/home/le/Documents/loadbalancer/internal/health/health_checker.go:99 msg="Health check OK" service="load balancer" addr=http://localhost:15000 status=404
time=2026-03-16T16:51:50.169+07:00 level=DEBUG source=/home/le/Documents/loadbalancer/internal/health/health_checker.go:99 msg="Health check OK" service="load balancer" addr=http://localhost:15001 status=404
time=2026-03-16T16:52:00.171+07:00 level=DEBUG source=/home/le/Documents/loadbalancer/internal/health/health_checker.go:99 msg="Health check OK" service="load balancer" addr=http://localhost:15000 status=404
time=2026-03-16T16:52:00.171+07:00 level=DEBUG source=/home/le/Documents/loadbalancer/internal/health/health_checker.go:99 msg="Health check OK" service="load balancer" addr=http://localhost:15001 status=404
time=2026-03-16T16:52:10.172+07:00 level=DEBUG source=/home/le/Documents/loadbalancer/internal/health/health_checker.go:99 msg="Health check OK" service="load balancer" addr=http://localhost:15000 status=404
time=2026-03-16T16:52:10.172+07:00 level=DEBUG source=/home/le/Documents/loadbalancer/internal/health/health_checker.go:99 msg="Health check OK" service="load balancer" addr=http://localhost:15001 status=404
time=2026-03-16T16:52:20.172+07:00 level=DEBUG source=/home/le/Documents/loadbalancer/internal/health/health_checker.go:99 msg="Health check OK" service="load balancer" addr=http://localhost:15000 status=404
time=2026-03-16T16:52:20.172+07:00 level=DEBUG source=/home/le/Documents/loadbalancer/internal/health/health_checker.go:99 msg="Health check OK" service="load balancer" addr=http://localhost:15001 status=404
time=2026-03-16T16:52:30.168+07:00 level=DEBUG source=/home/le/Documents/loadbalancer/internal/health/health_checker.go:99 msg="Health check OK" service="load balancer" addr=http://localhost:15000 status=404
time=2026-03-16T16:52:30.168+07:00 level=DEBUG source=/home/le/Documents/loadbalancer/internal/health/health_checker.go:99 msg="Health check OK" service="load balancer" addr=http://localhost:15001 status=404
time=2026-03-16T16:52:40.166+07:00 level=DEBUG source=/home/le/Documents/loadbalancer/internal/health/health_checker.go:99 msg="Health check OK" service="load balancer" addr=http://localhost:15001 status=404
time=2026-03-16T16:52:40.166+07:00 level=DEBUG source=/home/le/Documents/loadbalancer/internal/health/health_checker.go:99 msg="Health check OK" service="load balancer" addr=http://localhost:15000 status=404
time=2026-03-16T16:52:50.171+07:00 level=DEBUG source=/home/le/Documents/loadbalancer/internal/health/health_checker.go:99 msg="Health check OK" service="load balancer" addr=http://localhost:15001 status=404
time=2026-03-16T16:52:50.171+07:00 level=DEBUG source=/home/le/Documents/loadbalancer/internal/health/health_checker.go:99 msg="Health check OK" service="load balancer" addr=http://localhost:15000 status=404
time=2026-03-16T16:53:00.171+07:00 level=DEBUG source=/home/le/Documents/loadbalancer/internal/health/health_checker.go:99 msg="Health check OK" service="load balancer" addr=http://localhost:15001 status=404
time=2026-03-16T16:53:00.171+07:00 level=DEBUG source=/home/le/Documents/loadbalancer/internal/health/health_checker.go:99 msg="Health check OK" service="load balancer" addr=http://localhost:15000 status=404
time=2026-03-16T16:53:10.171+07:00 level=DEBUG source=/home/le/Documents/loadbalancer/internal/health/health_checker.go:99 msg="Health check OK" service="load balancer" addr=http://localhost:15000 status=404
time=2026-03-16T16:53:10.172+07:00 level=DEBUG source=/home/le/Documents/loadbalancer/internal/health/health_checker.go:99 msg="Health check OK" service="load balancer" addr=http://localhost:15001 status=404
time=2026-03-16T16:53:20.173+07:00 level=DEBUG source=/home/le/Documents/loadbalancer/internal/health/health_checker.go:99 msg="Health check OK" service="load balancer" addr=http://localhost:15001 status=404
time=2026-03-16T16:53:20.173+07:00 level=DEBUG source=/home/le/Documents/loadbalancer/internal/health/health_checker.go:99 msg="Health check OK" service="load balancer" addr=http://localhost:15000 status=404
time=2026-03-16T16:53:30.168+07:00 level=DEBUG source=/home/le/Documents/loadbalancer/internal/health/health_checker.go:99 msg="Health check OK" service="load balancer" addr=http://localhost:15000 status=404
time=2026-03-16T16:53:30.168+07:00 level=DEBUG source=/home/le/Documents/loadbalancer/internal/health/health_checker.go:99 msg="Health check OK" service="load balancer" addr=http://localhost:15001 status=404
time=2026-03-16T16:53:40.171+07:00 level=DEBUG source=/home/le/Documents/loadbalancer/internal/health/health_checker.go:99 msg="Health check OK" service="load balancer" addr=http://localhost:15000 status=404
time=2026-03-16T16:53:40.172+07:00 level=DEBUG source=/home/le/Documents/loadbalancer/internal/health/health_checker.go:99 msg="Health check OK" service="load balancer" addr=http://localhost:15001 status=404
time=2026-03-16T16:53:50.169+07:00 level=DEBUG source=/home/le/Documents/loadbalancer/internal/health/health_checker.go:99 msg="Health check OK" service="load balancer" addr=http://localhost:15001 status=404
time=2026-03-16T16:53:50.169+07:00 level=DEBUG source=/home/le/Documents/loadbalancer/internal/health/health_checker.go:99 msg="Health check OK" service="load balancer" addr=http://localhost:15000 status=404
time=2026-03-16T16:54:00.171+07:00 level=DEBUG source=/home/le/Documents/loadbalancer/internal/health/health_checker.go:99 msg="Health check OK" service="load balancer" addr=http://localhost:15000 status=404
time=2026-03-16T16:54:00.172+07:00 level=DEBUG source=/home/le/Documents/loadbalancer/internal/health/health_checker.go:99 msg="Health check OK" service="load balancer" addr=http://localhost:15001 status=404
time=2026-03-16T16:54:10.171+07:00 level=DEBUG source=/home/le/Documents/loadbalancer/internal/health/health_checker.go:99 msg="Health check OK" service="load balancer" addr=http://localhost:15000 status=404
time=2026-03-16T16:54:10.172+07:00 level=DEBUG source=/home/le/Documents/loadbalancer/internal/health/health_checker.go:99 msg="Health check OK" service="load balancer" addr=http://localhost:15001 status=404
time=2026-03-16T16:54:20.171+07:00 level=DEBUG source=/home/le/Documents/loadbalancer/internal/health/health_checker.go:99 msg="Health check OK" service="load balancer" addr=http://localhost:15001 status=404
time=2026-03-16T16:54:20.172+07:00 level=DEBUG source=/home/le/Documents/loadbalancer/internal/health/health_checker.go:99 msg="Health check OK" service="load balancer" addr=http://localhost:15000 status=404
time=2026-03-16T16:54:30.167+07:00 level=DEBUG source=/home/le/Documents/loadbalancer/internal/health/health_checker.go:99 msg="Health check OK" service="load balancer" addr=http://localhost:15000 status=404
time=2026-03-16T16:54:30.167+07:00 level=DEBUG source=/home/le/Documents/loadbalancer/internal/health/health_checker.go:99 msg="Health check OK" service="load balancer" addr=http://localhost:15001 status=404
time=2026-03-16T16:54:40.171+07:00 level=DEBUG source=/home/le/Documents/loadbalancer/internal/health/health_checker.go:99 msg="Health check OK" service="load balancer" addr=http://localhost:15001 status=404
time=2026-03-16T16:54:40.171+07:00 level=DEBUG source=/home/le/Documents/loadbalancer/internal/health/health_checker.go:99 msg="Health check OK" service="load balancer" addr=http://localhost:15000 status=404
time=2026-03-16T16:54:50.170+07:00 level=DEBUG source=/home/le/Documents/loadbalancer/internal/health/health_checker.go:99 msg="Health check OK" service="load balancer" addr=http://localhost:15000 status=404
time=2026-03-16T16:54:50.171+07:00 level=DEBUG source=/home/le/Documents/loadbalancer/internal/health/health_checker.go:99 msg="Health check OK" service="load balancer" addr=http://localhost:15001 status=404
time=2026-03-16T16:55:00.171+07:00 level=DEBUG source=/home/le/Documents/loadbalancer/internal/health/health_checker.go:99 msg="Health check OK" service="load balancer" addr=http://localhost:15000 status=404
time=2026-03-16T16:55:00.171+07:00 level=DEBUG source=/home/le/Documents/loadbalancer/internal/health/health_checker.go:99 msg="Health check OK" service="load balancer" addr=http://localhost:15001 status=404
time=2026-03-16T16:55:10.171+07:00 level=DEBUG source=/home/le/Documents/loadbalancer/internal/health/health_checker.go:99 msg="Health check OK" service="load balancer" addr=http://localhost:15001 status=404
time=2026-03-16T16:55:10.171+07:00 level=DEBUG source=/home/le/Documents/loadbalancer/internal/health/health_checker.go:99 msg="Health check OK" service="load balancer" addr=http://localhost:15000 status=404
time=2026-03-16T16:55:20.171+07:00 level=DEBUG source=/home/le/Documents/loadbalancer/internal/health/health_checker.go:99 msg="Health check OK" service="load balancer" addr=http://localhost:15000 status=404
time=2026-03-16T16:55:20.171+07:00 level=DEBUG source=/home/le/Documents/loadbalancer/internal/health/health_checker.go:99 msg="Health check OK" service="load balancer" addr=http://localhost:15001 status=404
time=2026-03-16T16:55:30.168+07:00 level=DEBUG source=/home/le/Documents/loadbalancer/internal/health/health_checker.go:99 msg="Health check OK" service="load balancer" addr=http://localhost:15001 status=404
time=2026-03-16T16:55:30.168+07:00 level=DEBUG source=/home/le/Documents/loadbalancer/internal/health/health_checker.go:99 msg="Health check OK" service="load balancer" addr=http://localhost:15000 status=404
time=2026-03-16T16:55:40.172+07:00 level=DEBUG source=/home/le/Documents/loadbalancer/internal/health/health_checker.go:99 msg="Health check OK" service="load balancer" addr=http://localhost:15001 status=404
time=2026-03-16T16:55:40.172+07:00 level=DEBUG source=/home/le/Documents/loadbalancer/internal/health/health_checker.go:99 msg="Health check OK" service="load balancer" addr=http://localhost:15000 status=404
time=2026-03-16T16:55:50.169+07:00 level=DEBUG source=/home/le/Documents/loadbalancer/internal/health/health_checker.go:99 msg="Health check OK" service="load balancer" addr=http://localhost:15000 status=404
time=2026-03-16T16:55:50.170+07:00 level=DEBUG source=/home/le/Documents/loadbalancer/internal/health/health_checker.go:99 msg="Health check OK" service="load balancer" addr=http://localhost:15001 status=404
time=2026-03-16T16:56:00.174+07:00 level=DEBUG source=/home/le/Documents/loadbalancer/internal/health/health_checker.go:99 msg="Health check OK" service="load balancer" addr=http://localhost:15000 status=404
time=2026-03-16T16:56:00.174+07:00 level=DEBUG source=/home/le/Documents/loadbalancer/internal/health/health_checker.go:99 msg="Health check OK" service="load balancer" addr=http://localhost:15001 status=404
time=2026-03-16T16:56:10.171+07:00 level=DEBUG source=/home/le/Documents/loadbalancer/internal/health/health_checker.go:99 msg="Health check OK" service="load balancer" addr=http://localhost:15000 status=404
time=2026-03-16T16:56:10.172+07:00 level=DEBUG source=/home/le/Documents/loadbalancer/internal/health/health_checker.go:99 msg="Health check OK" service="load balancer" addr=http://localhost:15001 status=404
time=2026-03-16T16:56:20.171+07:00 level=DEBUG source=/home/le/Documents/loadbalancer/internal/health/health_checker.go:99 msg="Health check OK" service="load balancer" addr=http://localhost:15001 status=404
time=2026-03-16T16:56:20.171+07:00 level=DEBUG source=/home/le/Documents/loadbalancer/internal/health/health_checker.go:99 msg="Health check OK" service="load balancer" addr=http://localhost:15000 status=404
time=2026-03-16T16:56:30.167+07:00 level=DEBUG source=/home/le/Documents/loadbalancer/internal/health/health_checker.go:99 msg="Health check OK" service="load balancer" addr=http://localhost:15000 status=404
time=2026-03-16T16:56:30.168+07:00 level=DEBUG source=/home/le/Documents/loadbalancer/internal/health/health_checker.go:99 msg="Health check OK" service="load balancer" addr=http://localhost:15001 status=404
time=2026-03-16T16:56:40.171+07:00 level=DEBUG source=/home/le/Documents/loadbalancer/internal/health/health_checker.go:99 msg="Health check OK" service="load balancer" addr=http://localhost:15000 status=404
time=2026-03-16T16:56:40.172+07:00 level=DEBUG source=/home/le/Documents/loadbalancer/internal/health/health_checker.go:99 msg="Health check OK" service="load balancer" addr=http://localhost:15001 status=404
time=2026-03-16T16:56:50.171+07:00 level=DEBUG source=/home/le/Documents/loadbalancer/internal/health/health_checker.go:99 msg="Health check OK" service="load balancer" addr=http://localhost:15001 status=404
time=2026-03-16T16:56:50.172+07:00 level=DEBUG source=/home/le/Documents/loadbalancer/internal/health/health_checker.go:99 msg="Health check OK" service="load balancer" addr=http://localhost:15000 status=404
time=2026-03-16T16:57:00.171+07:00 level=DEBUG source=/home/le/Documents/loadbalancer/internal/health/health_checker.go:99 msg="Health check OK" service="load balancer" addr=http://localhost:15001 status=404
time=2026-03-16T16:57:00.171+07:00 level=DEBUG source=/home/le/Documents/loadbalancer/internal/health/health_checker.go:99 msg="Health check OK" service="load balancer" addr=http://localhost:15000 status=404
time=2026-03-16T16:57:10.173+07:00 level=DEBUG source=/home/le/Documents/loadbalancer/internal/health/health_checker.go:99 msg="Health check OK" service="load balancer" addr=http://localhost:15000 status=404
time=2026-03-16T16:57:10.173+07:00 level=DEBUG source=/home/le/Documents/loadbalancer/internal/health/health_checker.go:99 msg="Health check OK" service="load balancer" addr=http://localhost:15001 status=404
time=2026-03-16T16:57:20.171+07:00 level=DEBUG source=/home/le/Documents/loadbalancer/internal/health/health_checker.go:99 msg="Health check OK" service="load balancer" addr=http://localhost:15000 status=404
time=2026-03-16T16:57:20.171+07:00 level=DEBUG source=/home/le/Documents/loadbalancer/internal/health/health_checker.go:99 msg="Health check OK" service="load balancer" addr=http://localhost:15001 status=404
time=2026-03-16T16:57:30.168+07:00 level=DEBUG source=/home/le/Documents/loadbalancer/internal/health/health_checker.go:99 msg="Health check OK" service="load balancer" addr=http://localhost:15000 status=404
time=2026-03-16T16:57:30.168+07:00 level=DEBUG source=/home/le/Documents/loadbalancer/internal/health/health_checker.go:99 msg="Health check OK" service="load balancer" addr=http://localhost:15001 status=404
time=2026-03-16T16:57:40.171+07:00 level=DEBUG source=/home/le/Documents/loadbalancer/internal/health/health_checker.go:99 msg="Health check OK" service="load balancer" addr=http://localhost:15000 status=404
time=2026-03-16T16:57:40.171+07:00 level=DEBUG source=/home/le/Documents/loadbalancer/internal/health/health_checker.go:99 msg="Health check OK" service="load balancer" addr=http://localhost:15001 status=404
time=2026-03-16T16:57:50.171+07:00 level=DEBUG source=/home/le/Documents/loadbalancer/internal/health/health_checker.go:99 msg="Health check OK" service="load balancer" addr=http://localhost:15001 status=404
time=2026-03-16T16:57:50.172+07:00 level=DEBUG source=/home/le/Documents/loadbalancer/internal/health/health_checker.go:99 msg="Health check OK" service="load balancer" addr=http://localhost:15000 status=404
time=2026-03-16T16:58:00.165+07:00 level=DEBUG source=/home/le/Documents/loadbalancer/internal/health/health_checker.go:99 msg="Health check OK" service="load balancer" addr=http://localhost:15000 status=404
time=2026-03-16T16:58:00.166+07:00 level=DEBUG source=/home/le/Documents/loadbalancer/internal/health/health_checker.go:99 msg="Health check OK" service="load balancer" addr=http://localhost:15001 status=404
time=2026-03-16T16:58:10.171+07:00 level=DEBUG source=/home/le/Documents/loadbalancer/internal/health/health_checker.go:99 msg="Health check OK" service="load balancer" addr=http://localhost:15001 status=404
time=2026-03-16T16:58:10.171+07:00 level=DEBUG source=/home/le/Documents/loadbalancer/internal/health/health_checker.go:99 msg="Health check OK" service="load balancer" addr=http://localhost:15000 status=404
time=2026-03-16T16:58:20.171+07:00 level=DEBUG source=/home/le/Documents/loadbalancer/internal/health/health_checker.go:99 msg="Health check OK" service="load balancer" addr=http://localhost:15001 status=404
time=2026-03-16T16:58:20.172+07:00 level=DEBUG source=/home/le/Documents/loadbalancer/internal/health/health_checker.go:99 msg="Health check OK" service="load balancer" addr=http://localhost:15000 status=404
time=2026-03-16T16:58:30.167+07:00 level=DEBUG source=/home/le/Documents/loadbalancer/internal/health/health_checker.go:99 msg="Health check OK" service="load balancer" addr=http://localhost:15001 status=404
time=2026-03-16T16:58:30.167+07:00 level=DEBUG source=/home/le/Documents/loadbalancer/internal/health/health_checker.go:99 msg="Health check OK" service="load balancer" addr=http://localhost:15000 status=404
time=2026-03-16T16:58:40.172+07:00 level=DEBUG source=/home/le/Documents/loadbalancer/internal/health/health_checker.go:99 msg="Health check OK" service="load balancer" addr=http://localhost:15000 status=404
time=2026-03-16T16:58:40.172+07:00 level=DEBUG source=/home/le/Documents/loadbalancer/internal/health/health_checker.go:99 msg="Health check OK" service="load balancer" addr=http://localhost:15001 status=404
time=2026-03-16T16:58:50.171+07:00 level=DEBUG source=/home/le/Documents/loadbalancer/internal/health/health_checker.go:99 msg="Health check OK" service="load balancer" addr=http://localhost:15001 status=404
time=2026-03-16T16:58:50.171+07:00 level=DEBUG source=/home/le/Documents/loadbalancer/internal/health/health_checker.go:99 msg="Health check OK" service="load balancer" addr=http://localhost:15000 status=404
time=2026-03-16T16:59:00.171+07:00 level=DEBUG source=/home/le/Documents/loadbalancer/internal/health/health_checker.go:99 msg="Health check OK" service="load balancer" addr=http://localhost:15001 status=404
time=2026-03-16T16:59:00.171+07:00 level=DEBUG source=/home/le/Documents/loadbalancer/internal/health/health_checker.go:99 msg="Health check OK" service="load balancer" addr=http://localhost:15000 status=404
time=2026-03-16T16:59:10.171+07:00 level=DEBUG source=/home/le/Documents/loadbalancer/internal/health/health_checker.go:99 msg="Health check OK" service="load balancer" addr=http://localhost:15000 status=404
time=2026-03-16T16:59:10.172+07:00 level=DEBUG source=/home/le/Documents/loadbalancer/internal/health/health_checker.go:99 msg="Health check OK" service="load balancer" addr=http://localhost:15001 status=404
time=2026-03-16T16:59:20.165+07:00 level=DEBUG source=/home/le/Documents/loadbalancer/internal/health/health_checker.go:99 msg="Health check OK" service="load balancer" addr=http://localhost:15000 status=404
time=2026-03-16T16:59:20.166+07:00 level=DEBUG source=/home/le/Documents/loadbalancer/internal/health/health_checker.go:99 msg="Health check OK" service="load balancer" addr=http://localhost:15001 status=404
time=2026-03-16T16:59:30.168+07:00 level=DEBUG source=/home/le/Documents/loadbalancer/internal/health/health_checker.go:99 msg="Health check OK" service="load balancer" addr=http://localhost:15000 status=404
time=2026-03-16T16:59:30.168+07:00 level=DEBUG source=/home/le/Documents/loadbalancer/internal/health/health_checker.go:99 msg="Health check OK" service="load balancer" addr=http://localhost:15001 status=404
time=2026-03-16T16:59:40.171+07:00 level=DEBUG source=/home/le/Documents/loadbalancer/internal/health/health_checker.go:99 msg="Health check OK" service="load balancer" addr=http://localhost:15001 status=404
time=2026-03-16T16:59:40.171+07:00 level=DEBUG source=/home/le/Documents/loadbalancer/internal/health/health_checker.go:99 msg="Health check OK" service="load balancer" addr=http://localhost:15000 status=404
time=2026-03-16T16:59:50.172+07:00 level=DEBUG source=/home/le/Documents/loadbalancer/internal/health/health_checker.go:99 msg="Health check OK" service="load balancer" addr=http://localhost:15000 status=404
time=2026-03-16T16:59:50.172+07:00 level=DEBUG source=/home/le/Documents/loadbalancer/internal/health/health_checker.go:99 msg="Health check OK" service="load balancer" addr=http://localhost:15001 status=404
time=2026-03-16T17:00:00.166+07:00 level=DEBUG source=/home/le/Documents/loadbalancer/internal/health/health_checker.go:99 msg="Health check OK" service="load balancer" addr=http://localhost:15000 status=404
time=2026-03-16T17:00:00.166+07:00 level=DEBUG source=/home/le/Documents/loadbalancer/internal/health/health_checker.go:99 msg="Health check OK" service="load balancer" addr=http://localhost:15001 status=404
time=2026-03-16T17:00:10.167+07:00 level=DEBUG source=/home/le/Documents/loadbalancer/internal/health/health_checker.go:99 msg="Health check OK" service="load balancer" addr=http://localhost:15001 status=404
time=2026-03-16T17:00:10.167+07:00 level=DEBUG source=/home/le/Documents/loadbalancer/internal/health/health_checker.go:99 msg="Health check OK" service="load balancer" addr=http://localhost:15000 status=404
time=2026-03-16T17:00:20.171+07:00 level=DEBUG source=/home/le/Documents/loadbalancer/internal/health/health_checker.go:99 msg="Health check OK" service="load balancer" addr=http://localhost:15000 status=404
time=2026-03-16T17:00:20.172+07:00 level=DEBUG source=/home/le/Documents/loadbalancer/internal/health/health_checker.go:99 msg="Health check OK" service="load balancer" addr=http://localhost:15001 status=404
time=2026-03-16T17:00:30.168+07:00 level=DEBUG source=/home/le/Documents/loadbalancer/internal/health/health_checker.go:99 msg="Health check OK" service="load balancer" addr=http://localhost:15000 status=404
time=2026-03-16T17:00:30.168+07:00 level=DEBUG source=/home/le/Documents/loadbalancer/internal/health/health_checker.go:99 msg="Health check OK" service="load balancer" addr=http://localhost:15001 status=404
time=2026-03-16T17:00:40.172+07:00 level=DEBUG source=/home/le/Documents/loadbalancer/internal/health/health_checker.go:99 msg="Health check OK" service="load balancer" addr=http://localhost:15001 status=404
time=2026-03-16T17:00:40.172+07:00 level=DEBUG source=/home/le/Documents/loadbalancer/internal/health/health_checker.go:99 msg="Health check OK" service="load balancer" addr=http://localhost:15000 status=404
time=2026-03-16T17:00:50.172+07:00 level=DEBUG source=/home/le/Documents/loadbalancer/internal/health/health_checker.go:99 msg="Health check OK" service="load balancer" addr=http://localhost:15001 status=404
time=2026-03-16T17:00:50.172+07:00 level=DEBUG source=/home/le/Documents/loadbalancer/internal/health/health_checker.go:99 msg="Health check OK" service="load balancer" addr=http://localhost:15000 status=404
time=2026-03-16T17:01:00.171+07:00 level=DEBUG source=/home/le/Documents/loadbalancer/internal/health/health_checker.go:99 msg="Health check OK" service="load balancer" addr=http://localhost:15001 status=404
time=2026-03-16T17:01:00.172+07:00 level=DEBUG source=/home/le/Documents/loadbalancer/internal/health/health_checker.go:99 msg="Health check OK" service="load balancer" addr=http://localhost:15000 status=404
time=2026-03-16T17:01:10.169+07:00 level=DEBUG source=/home/le/Documents/loadbalancer/internal/health/health_checker.go:99 msg="Health check OK" service="load balancer" addr=http://localhost:15000 status=404
time=2026-03-16T17:01:10.170+07:00 level=DEBUG source=/home/le/Documents/loadbalancer/internal/health/health_checker.go:99 msg="Health check OK" service="load balancer" addr=http://localhost:15001 status=404
time=2026-03-16T17:01:20.172+07:00 level=DEBUG source=/home/le/Documents/loadbalancer/internal/health/health_checker.go:99 msg="Health check OK" service="load balancer" addr=http://localhost:15000 status=404
time=2026-03-16T17:01:20.172+07:00 level=DEBUG source=/home/le/Documents/loadbalancer/internal/health/health_checker.go:99 msg="Health check OK" service="load balancer" addr=http://localhost:15001 status=404
time=2026-03-16T17:01:29.201+07:00 level=INFO source=/home/le/Documents/loadbalancer/internal/app/app.go:111 msg="Shutting down Load Balancer..." service="load balancer"
time=2026-03-16T17:01:29.202+07:00 level=INFO source=/home/le/Documents/loadbalancer/internal/middleware/rate_limit/rate_limit.go:94 msg="Starting stop cleanup" service="load balancer"
time=2026-03-16T17:01:29.202+07:00 level=INFO source=/home/le/Documents/loadbalancer/internal/middleware/rate_limit/rate_limit.go:98 msg="Complete stop cleanup" service="load balancer"
time=2026-03-16T17:01:29.202+07:00 level=INFO source=/home/le/Documents/loadbalancer/internal/tls/manager_tls.go:145 msg="Stopping watcher tls config" service="load balancer"
time=2026-03-16T17:01:29.202+07:00 level=INFO source=/home/le/Documents/loadbalancer/internal/tls/manager_tls.go:151 msg="Complete stop watcher tls config" service="load balancer"
time=2026-03-16T17:01:29.202+07:00 level=INFO source=/home/le/Documents/loadbalancer/internal/registry/memory/registry.go:106 msg="Starting stop registry" service="load balancer"
time=2026-03-16T17:01:29.202+07:00 level=INFO source=/home/le/Documents/loadbalancer/internal/registry/memory/registry.go:110 msg="Complete stop registry" service="load balancer"
time=2026-03-16T17:01:29.202+07:00 level=INFO source=/home/le/Documents/loadbalancer/internal/server/server_pool.go:158 msg="Closing server pool" service="load balancer"
time=2026-03-16T17:01:29.202+07:00 level=INFO source=/home/le/Documents/loadbalancer/internal/app/app.go:129 msg="Shutdown completed" service="load balancer"
time=2026-03-16T17:01:32.859+07:00 level=WARN source=/home/le/Documents/loadbalancer/internal/config/validation.go:32 msg="No backend servers configured" service="load balancer"
time=2026-03-16T17:01:32.859+07:00 level=WARN source=/home/le/Documents/loadbalancer/internal/config/host-reload.go:118 msg="Retry config missing or incomplete, using defaults" service="load balancer"
time=2026-03-16T17:01:32.859+07:00 level=INFO source=/home/le/Documents/loadbalancer/internal/config/host-reload.go:149 msg="Config reloaded successfully" service="load balancer" reloaded_at=2026-03-16T17:01:32.859+07:00 rate_limit_enabled=true rps=10
time=2026-03-16T17:01:32.859+07:00 level=INFO source=/home/le/Documents/loadbalancer/internal/config/manager_config.go:57 msg="Config manager initialized with hot-reload" service="load balancer"
time=2026-03-16T17:01:32.862+07:00 level=INFO source=/home/le/Documents/loadbalancer/internal/router/router.go:29 msg="PathRouter initialized" service="load balancer" default_service=fallback-service initial_rules=3
time=2026-03-16T17:01:32.862+07:00 level=INFO source=/home/le/Documents/loadbalancer/internal/tls/manager_tls.go:72 msg="TLS Manager initialized with auto-reload" service="load balancer" cert_file=/home/le/Documents/loadbalancer/keys/cert.pem key_file=/home/le/Documents/loadbalancer/keys/key.pem
time=2026-03-16T17:01:32.862+07:00 level=INFO source=/home/le/Documents/loadbalancer/internal/app/app.go:94 msg="Starting Load Balancer services..." service="load balancer"
time=2026-03-16T17:01:32.862+07:00 level=INFO source=/home/le/Documents/loadbalancer/internal/middleware/rate_limit/rate_limit.go:82 msg="Starting cleanup" service="load balancer"
time=2026-03-16T17:01:32.862+07:00 level=INFO source=/home/le/Documents/loadbalancer/internal/middleware/rate_limit/rate_limit.go:84 msg="Complete starting cleanup" service="load balancer"
time=2026-03-16T17:01:32.863+07:00 level=INFO source=/home/le/Documents/loadbalancer/internal/tls/manager_tls.go:113 msg="TLS certificate reloaded successfully" service="load balancer" cert_file=/home/le/Documents/loadbalancer/keys/cert.pem key_file=/home/le/Documents/loadbalancer/keys/key.pem timestamp=2026-03-16T17:01:32+07:00
time=2026-03-16T17:01:32.864+07:00 level=INFO source=/home/le/Documents/loadbalancer/internal/tls/manager_tls.go:170 msg="Started fsnotify watcher on directory" service="load balancer" dir=/home/le/Documents/loadbalancer/keys
time=2026-03-16T17:01:32.864+07:00 level=INFO source=/home/le/Documents/loadbalancer/internal/registry/memory/registry.go:96 msg="Start registry successfully" service="load balancer"
time=2026-03-16T17:01:49.741+07:00 level=INFO source=/home/le/Documents/loadbalancer/internal/registry/provider/provider.go:59 msg="new server register" service="load balancer"
time=2026-03-16T17:01:49.758+07:00 level=INFO source=/home/le/Documents/loadbalancer/internal/registry/memory/health_worker.go:31 msg="Created health worker for service" service="load balancer" service=java-service
time=2026-03-16T17:01:49.758+07:00 level=INFO source=/home/le/Documents/loadbalancer/internal/registry/memory/register.go:34 msg="Server registered" service="load balancer" service=java-service id=96063d84-090b-4154-b859-15d93661bca3
time=2026-03-16T17:01:49.758+07:00 level=DEBUG source=/home/le/Documents/loadbalancer/internal/registry/memory/registry.go:125 msg="List of server registry" service="load balancer"
time=2026-03-16T17:01:49.758+07:00 level=DEBUG source=/home/le/Documents/loadbalancer/internal/server/server_pool.go:61 msg="Health state changed" service="load balancer" service=java-service id=96063d84-090b-4154-b859-15d93661bca3 health=true
time=2026-03-16T17:01:49.758+07:00 level=INFO source=/home/le/Documents/loadbalancer/internal/app/factory.go:57 msg="Creating new RoundRobin strategy for service" service="load balancer" service=java-service
time=2026-03-16T17:01:49.758+07:00 level=DEBUG source=/home/le/Documents/loadbalancer/internal/server/server_pool.go:116 msg="ServerPool updated" service="load balancer" service=java-service total_healthy=1 server_id=96063d84-090b-4154-b859-15d93661bca3 is_healthy=true
time=2026-03-16T17:01:59.984+07:00 level=DEBUG source=/home/le/Documents/loadbalancer/internal/health/health_checker.go:99 msg="Health check OK" service="load balancer" addr=http://localhost:15001 status=404
time=2026-03-16T17:02:00.937+07:00 level=INFO source=/home/le/Documents/loadbalancer/internal/registry/provider/provider.go:59 msg="new server register" service="load balancer"
time=2026-03-16T17:02:00.952+07:00 level=INFO source=/home/le/Documents/loadbalancer/internal/registry/memory/register.go:34 msg="Server registered" service="load balancer" service=java-service id=79d07990-d03b-4ece-a6a1-9a15dc8e57d1
time=2026-03-16T17:02:00.952+07:00 level=DEBUG source=/home/le/Documents/loadbalancer/internal/registry/memory/registry.go:125 msg="List of server registry" service="load balancer"
time=2026-03-16T17:02:00.952+07:00 level=DEBUG source=/home/le/Documents/loadbalancer/internal/server/server_pool.go:61 msg="Health state changed" service="load balancer" service=java-service id=79d07990-d03b-4ece-a6a1-9a15dc8e57d1 health=true
time=2026-03-16T17:02:00.952+07:00 level=DEBUG source=/home/le/Documents/loadbalancer/internal/server/server_pool.go:116 msg="ServerPool updated" service="load balancer" service=java-service total_healthy=2 server_id=79d07990-d03b-4ece-a6a1-9a15dc8e57d1 is_healthy=true
time=2026-03-16T17:02:09.773+07:00 level=DEBUG source=/home/le/Documents/loadbalancer/internal/health/health_checker.go:99 msg="Health check OK" service="load balancer" addr=http://localhost:15001 status=404
time=2026-03-16T17:02:09.938+07:00 level=DEBUG source=/home/le/Documents/loadbalancer/internal/health/health_checker.go:99 msg="Health check OK" service="load balancer" addr=http://localhost:15000 status=404
time=2026-03-16T17:02:19.774+07:00 level=DEBUG source=/home/le/Documents/loadbalancer/internal/health/health_checker.go:99 msg="Health check OK" service="load balancer" addr=http://localhost:15000 status=404
time=2026-03-16T17:02:19.774+07:00 level=DEBUG source=/home/le/Documents/loadbalancer/internal/health/health_checker.go:99 msg="Health check OK" service="load balancer" addr=http://localhost:15001 status=404
time=2026-03-16T17:02:25.249+07:00 level=INFO source=/home/le/Documents/loadbalancer/internal/middleware/tracer/tracer.go:73 msg="tracing injected" service="load balancer" trace_id=445ccab417225dfa9a7d95fa3aca4245 span_id=263a082253a0b838 parent_span_id="" path=/java-service/hello sampled=true
time=2026-03-16T17:02:25.250+07:00 level=INFO source=/home/le/Documents/loadbalancer/internal/middleware/sticky/sticky.go:149 msg="Created new sticky session" service="load balancer" module=SECURITY session_id=69bfe841a456bad358355897970e4f19 backend_id=96063d84-090b-4154-b859-15d93661bca3 server_name=java-service ttl_seconds=3600
time=2026-03-16T17:02:25.250+07:00 level=DEBUG source=/home/le/Documents/loadbalancer/internal/app/app_handler.go:66 msg="Routed request" service="load balancer" trace_id=445ccab417225dfa9a7d95fa3aca4245 backend=http://localhost:15001
time=2026-03-16T17:02:25.265+07:00 level=DEBUG source=/home/le/Documents/loadbalancer/internal/app/app_handler.go:72 msg="Routed request" service="load balancer" path=/java-service/hello service=java-service backend=http://localhost:15001
time=2026-03-16T17:02:25.265+07:00 level=INFO source=/home/le/Documents/loadbalancer/internal/middleware/logging/logging.go:71 msg="HTTP request completed" service="load balancer" module=TRAFFIC method=GET path=/java-service/hello remote_ip=::1 status=200 latency_ms=16.087 resp_bytes=52
time=2026-03-16T17:02:28.974+07:00 level=INFO source=/home/le/Documents/loadbalancer/internal/middleware/tracer/tracer.go:73 msg="tracing injected" service="load balancer" trace_id=c9a4130b2c2671f02a3f18b0a229c4a8 span_id=a0ff487e53149472 parent_span_id="" path=/java-service/hello sampled=true
time=2026-03-16T17:02:28.974+07:00 level=DEBUG source=/home/le/Documents/loadbalancer/internal/middleware/sticky/sticky.go:105 msg="Sticky session hit" service="load balancer" module=SECURITY session_id=69bfe841a456bad358355897970e4f19 server_pair=[0xc000202440]
time=2026-03-16T17:02:28.975+07:00 level=DEBUG source=/home/le/Documents/loadbalancer/internal/app/app_handler.go:66 msg="Routed request" service="load balancer" trace_id=c9a4130b2c2671f02a3f18b0a229c4a8 backend=http://localhost:15001
time=2026-03-16T17:02:28.982+07:00 level=DEBUG source=/home/le/Documents/loadbalancer/internal/app/app_handler.go:72 msg="Routed request" service="load balancer" path=/java-service/hello service=java-service backend=http://localhost:15001
time=2026-03-16T17:02:28.982+07:00 level=INFO source=/home/le/Documents/loadbalancer/internal/middleware/logging/logging.go:71 msg="HTTP request completed" service="load balancer" module=TRAFFIC method=GET path=/java-service/hello remote_ip=::1 status=200 latency_ms=8.454 resp_bytes=52
time=2026-03-16T17:02:29.766+07:00 level=DEBUG source=/home/le/Documents/loadbalancer/internal/health/health_checker.go:99 msg="Health check OK" service="load balancer" addr=http://localhost:15001 status=404
time=2026-03-16T17:02:29.766+07:00 level=DEBUG source=/home/le/Documents/loadbalancer/internal/health/health_checker.go:99 msg="Health check OK" service="load balancer" addr=http://localhost:15000 status=404
time=2026-03-16T17:02:36.183+07:00 level=INFO source=/home/le/Documents/loadbalancer/internal/middleware/tracer/tracer.go:73 msg="tracing injected" service="load balancer" trace_id=4a626ef692a39f708cbc2d711063219a span_id=2a5b8271eff3ff9f parent_span_id="" path=/java-service/hello sampled=true
time=2026-03-16T17:02:36.183+07:00 level=INFO source=/home/le/Documents/loadbalancer/internal/middleware/sticky/sticky.go:149 msg="Created new sticky session" service="load balancer" module=SECURITY session_id=4da37b477908887ce0d64859c655ab07 backend_id=79d07990-d03b-4ece-a6a1-9a15dc8e57d1 server_name=java-service ttl_seconds=3600
time=2026-03-16T17:02:36.184+07:00 level=DEBUG source=/home/le/Documents/loadbalancer/internal/app/app_handler.go:66 msg="Routed request" service="load balancer" trace_id=4a626ef692a39f708cbc2d711063219a backend=http://localhost:15000
time=2026-03-16T17:02:36.198+07:00 level=DEBUG source=/home/le/Documents/loadbalancer/internal/app/app_handler.go:72 msg="Routed request" service="load balancer" path=/java-service/hello service=java-service backend=http://localhost:15000
time=2026-03-16T17:02:36.198+07:00 level=INFO source=/home/le/Documents/loadbalancer/internal/middleware/logging/logging.go:71 msg="HTTP request completed" service="load balancer" module=TRAFFIC method=GET path=/java-service/hello remote_ip=::1 status=200 latency_ms=15.513 resp_bytes=39
time=2026-03-16T17:02:38.340+07:00 level=INFO source=/home/le/Documents/loadbalancer/internal/middleware/tracer/tracer.go:73 msg="tracing injected" service="load balancer" trace_id=f9d4b54112459fad7f0c43acfd3ea704 span_id=9be983462cd0afc8 parent_span_id="" path=/java-service/hello sampled=true
time=2026-03-16T17:02:38.340+07:00 level=DEBUG source=/home/le/Documents/loadbalancer/internal/middleware/sticky/sticky.go:105 msg="Sticky session hit" service="load balancer" module=SECURITY session_id=4da37b477908887ce0d64859c655ab07 server_pair=[0xc0002a02c0]
time=2026-03-16T17:02:38.340+07:00 level=DEBUG source=/home/le/Documents/loadbalancer/internal/app/app_handler.go:66 msg="Routed request" service="load balancer" trace_id=f9d4b54112459fad7f0c43acfd3ea704 backend=http://localhost:15000
time=2026-03-16T17:02:38.348+07:00 level=DEBUG source=/home/le/Documents/loadbalancer/internal/app/app_handler.go:72 msg="Routed request" service="load balancer" path=/java-service/hello service=java-service backend=http://localhost:15000
time=2026-03-16T17:02:38.348+07:00 level=INFO source=/home/le/Documents/loadbalancer/internal/middleware/logging/logging.go:71 msg="HTTP request completed" service="load balancer" module=TRAFFIC method=GET path=/java-service/hello remote_ip=::1 status=200 latency_ms=8.072 resp_bytes=39
time=2026-03-16T17:02:39.764+07:00 level=DEBUG source=/home/le/Documents/loadbalancer/internal/health/health_checker.go:99 msg="Health check OK" service="load balancer" addr=http://localhost:15001 status=404
time=2026-03-16T17:02:39.765+07:00 level=DEBUG source=/home/le/Documents/loadbalancer/internal/health/health_checker.go:99 msg="Health check OK" service="load balancer" addr=http://localhost:15000 status=404
time=2026-03-16T17:02:40.557+07:00 level=INFO source=/home/le/Documents/loadbalancer/internal/middleware/tracer/tracer.go:73 msg="tracing injected" service="load balancer" trace_id=4d21fd73a49a3c28bceaad5fb4578a19 span_id=c7a801499dda60a9 parent_span_id="" path=/java-service/hello sampled=true
time=2026-03-16T17:02:40.558+07:00 level=DEBUG source=/home/le/Documents/loadbalancer/internal/middleware/sticky/sticky.go:105 msg="Sticky session hit" service="load balancer" module=SECURITY session_id=4da37b477908887ce0d64859c655ab07 server_pair=[0xc0002026c0]
time=2026-03-16T17:02:40.558+07:00 level=DEBUG source=/home/le/Documents/loadbalancer/internal/app/app_handler.go:66 msg="Routed request" service="load balancer" trace_id=4d21fd73a49a3c28bceaad5fb4578a19 backend=http://localhost:15000
time=2026-03-16T17:02:40.563+07:00 level=DEBUG source=/home/le/Documents/loadbalancer/internal/app/app_handler.go:72 msg="Routed request" service="load balancer" path=/java-service/hello service=java-service backend=http://localhost:15000
time=2026-03-16T17:02:40.563+07:00 level=INFO source=/home/le/Documents/loadbalancer/internal/middleware/logging/logging.go:71 msg="HTTP request completed" service="load balancer" module=TRAFFIC method=GET path=/java-service/hello remote_ip=::1 status=200 latency_ms=5.72 resp_bytes=39
time=2026-03-16T17:02:45.522+07:00 level=INFO source=/home/le/Documents/loadbalancer/internal/middleware/tracer/tracer.go:73 msg="tracing injected" service="load balancer" trace_id=255bc7e088ecab41f9309691a7aed75a span_id=cec06d38d4519e7b parent_span_id="" path=/java-service/hello sampled=true
time=2026-03-16T17:02:45.523+07:00 level=INFO source=/home/le/Documents/loadbalancer/internal/middleware/sticky/sticky.go:149 msg="Created new sticky session" service="load balancer" module=SECURITY session_id=52e59848fbe36a26968f81a8a4010c20 backend_id=96063d84-090b-4154-b859-15d93661bca3 server_name=java-service ttl_seconds=3600
time=2026-03-16T17:02:45.523+07:00 level=DEBUG source=/home/le/Documents/loadbalancer/internal/app/app_handler.go:66 msg="Routed request" service="load balancer" trace_id=255bc7e088ecab41f9309691a7aed75a backend=http://localhost:15001
time=2026-03-16T17:02:45.528+07:00 level=DEBUG source=/home/le/Documents/loadbalancer/internal/app/app_handler.go:72 msg="Routed request" service="load balancer" path=/java-service/hello service=java-service backend=http://localhost:15001
time=2026-03-16T17:02:45.528+07:00 level=INFO source=/home/le/Documents/loadbalancer/internal/middleware/logging/logging.go:71 msg="HTTP request completed" service="load balancer" module=TRAFFIC method=GET path=/java-service/hello remote_ip=::1 status=200 latency_ms=5.964 resp_bytes=52
time=2026-03-16T17:02:49.768+07:00 level=DEBUG source=/home/le/Documents/loadbalancer/internal/health/health_checker.go:99 msg="Health check OK" service="load balancer" addr=http://localhost:15000 status=404
time=2026-03-16T17:02:49.768+07:00 level=DEBUG source=/home/le/Documents/loadbalancer/internal/health/health_checker.go:99 msg="Health check OK" service="load balancer" addr=http://localhost:15001 status=404
time=2026-03-16T17:02:56.073+07:00 level=INFO source=/home/le/Documents/loadbalancer/internal/app/app.go:111 msg="Shutting down Load Balancer..." service="load balancer"
time=2026-03-16T17:02:56.073+07:00 level=INFO source=/home/le/Documents/loadbalancer/internal/middleware/rate_limit/rate_limit.go:94 msg="Starting stop cleanup" service="load balancer"
time=2026-03-16T17:02:56.073+07:00 level=INFO source=/home/le/Documents/loadbalancer/internal/middleware/rate_limit/rate_limit.go:98 msg="Complete stop cleanup" service="load balancer"
time=2026-03-16T17:02:56.073+07:00 level=INFO source=/home/le/Documents/loadbalancer/internal/tls/manager_tls.go:145 msg="Stopping watcher tls config" service="load balancer"
time=2026-03-16T17:02:56.074+07:00 level=INFO source=/home/le/Documents/loadbalancer/internal/tls/manager_tls.go:151 msg="Complete stop watcher tls config" service="load balancer"
time=2026-03-16T17:02:56.074+07:00 level=INFO source=/home/le/Documents/loadbalancer/internal/registry/memory/registry.go:106 msg="Starting stop registry" service="load balancer"
time=2026-03-16T17:02:56.074+07:00 level=INFO source=/home/le/Documents/loadbalancer/internal/registry/memory/registry.go:110 msg="Complete stop registry" service="load balancer"
time=2026-03-16T17:02:56.074+07:00 level=INFO source=/home/le/Documents/loadbalancer/internal/server/server_pool.go:158 msg="Closing server pool" service="load balancer"
time=2026-03-16T17:02:56.074+07:00 level=INFO source=/home/le/Documents/loadbalancer/internal/app/app.go:129 msg="Shutdown completed" service="load balancer"
